ticker,nome,cik,perfil_ism_esperado,ano,receita,receita_conceito_xbrl,sm_expense,sm_expense_conceito_xbrl,rd_expense,rd_expense_conceito_xbrl,ebit,ebit_conceito_xbrl,imposto,imposto_conceito_xbrl,ebt,ebt_conceito_xbrl,juros,juros_conceito_xbrl,dda,dda_conceito_xbrl,pl,pl_conceito_xbrl,divida_total_tag,divida_total_tag_conceito_xbrl,divida_lp,divida_lp_conceito_xbrl,divida_cp,divida_cp_conceito_xbrl,caixa,caixa_conceito_xbrl,ativo_total,ativo_total_conceito_xbrl,fim_exercicio,divida_total,divida_total_origem,completude,receita_M,sm_expense_M,rd_expense_M,ebit_M,imposto_M,ebt_M,pl_M,divida_total_tag_M,divida_lp_M,divida_cp_M,divida_total_M,caixa_M,juros_M,ativo_total_M,dda_M,rf,erp,beta_unlevered,ism,tax_rate,tax_rate_origem,nopat,capital_investido,roic,de_ratio,beta_levered,ke,kd_pretax,kd,valor_total,peso_e,peso_d,wacc,spread,motivo_exclusao
ADBE,ADOBE INC.,796343,medio,2015,4795511000,Revenues,1683242000.0,SellingAndMarketingExpense,,,903095000,OperatingIncomeLoss,244230000,IncomeTaxExpenseBenefit,873781000.0,IncomeLossFromContinuingOperationsBeforeIncomeTaxesExtraordinaryItemsNoncontrollingInterest,64184000.0,InterestExpense,339473000.0,DepreciationDepletionAndAmortization,7001580000,StockholdersEquity,1887410000.0,SeniorNotes,1907231000.0,LongTermDebtAndCapitalLeaseObligations,0.0,LongTermDebtAndCapitalLeaseObligationsCurrent,876560000.0,CashAndCashEquivalentsAtCarryingValue,11726472000.0,Assets,2015-11-27,1907231000,soma longo + curto prazo,5/5,4795.511,1683.242,,903.095,244.23,873.781,7001.58,1887.41,1907.231,0.0,1907.231,876.56,64.184,11726.472,339.473,0.0221,0.058,1.04,0.3510036782315795,0.27950939651926515,efetiva,650671461.5504342,8032251000.0,0.08100736164126772,0.2724000868375424,1.244112171071937,0.09425850592217236,0.03365297648790314,0.024246653338692314,8908811000,0.7859163248608596,0.21408367513914034,0.07927011121780123,0.0017372504234664937,
ADBE,ADOBE INC.,796343,medio,2016,5854430000,Revenues,1910197000.0,SellingAndMarketingExpense,,,1493602000,OperatingIncomeLoss,266356000,IncomeTaxExpenseBenefit,1435138000.0,IncomeLossFromContinuingOperationsBeforeIncomeTaxesExtraordinaryItemsNoncontrollingInterest,70442000.0,InterestExpense,331535000.0,DepreciationDepletionAndAmortization,7424835000,StockholdersEquity,1879083000.0,SeniorNotes,1892200000.0,LongTermDebtAndCapitalLeaseObligations,0.0,LineOfCredit,1011315000.0,CashAndCashEquivalentsAtCarryingValue,12697246000.0,Assets,2016-12-02,1892200000,soma longo + curto prazo,5/5,5854.43,1910.197,,1493.602,266.356,1435.138,7424.835,1879.083,1892.2,0.0,1892.2,1011.315,70.442,12697.246,331.535,0.0184,0.062,1.1,0.3262823195426369,0.18559608901722344,efetiva,1216395310.251697,8305720000.0,0.14645272297304715,0.25484741411762013,1.328303603837361,0.10075482343791638,0.03722756579642744,0.03031827518097915,9317035000,0.7969096391716892,0.20309036082831072,0.08644983943691427,0.06000288353613288,
ADBE,ADOBE INC.,796343,medio,2017,7301505000,Revenues,2197592000.0,SellingAndMarketingExpense,,,2168095000,OperatingIncomeLoss,443687000,IncomeTaxExpenseBenefit,2137641000.0,IncomeLossFromContinuingOperationsBeforeIncomeTaxesExtraordinaryItemsNoncontrollingInterest,74402000.0,InterestExpense,325997000.0,DepreciationDepletionAndAmortization,8459000000,StockholdersEquity,1882479000.0,SeniorNotes,1881421000.0,LongTermDebtAndCapitalLeaseObligations,0.0,LineOfCredit,2306000000.0,CashAndCashEquivalentsAtCarryingValue,14535556000.0,Assets,2017-12-01,1882479000,conceito de dívida total,5/5,7301.505,2197.592,,2168.095,443.687,2137.641,8459.0,1882.479,1881.421,0.0,1882.479,2306.0,74.402,14535.556,325.997,0.0233,0.057,1.11,0.30097794906666503,0.20755917387437833,efetiva,1718086992.91883,8035479000.0,0.21381264177516113,0.22254155337510345,1.3057496237682693,0.09772772855479135,0.0395234156662571,0.031319968161875114,10341479000,0.817968106882971,0.182031893117029,0.08563939821280675,0.12817324356235438,
ADBE,ADOBE INC.,796343,medio,2018,9030000000,Revenues,2621000000.0,SellingAndMarketingExpense,,,2840000000,OperatingIncomeLoss,203000000,IncomeTaxExpenseBenefit,2794000000.0,IncomeLossFromContinuingOperationsBeforeIncomeTaxesExtraordinaryItemsNoncontrollingInterest,89000000.0,InterestExpense,346000000.0,DepreciationDepletionAndAmortization,9362000000,StockholdersEquity,4124800000.0,DebtLongtermAndShorttermCombinedAmount,4124800000.0,LongTermDebtAndCapitalLeaseObligations,0.0,DebtCurrent,1643000000.0,CashAndCashEquivalentsAtCarryingValue,18768682000.0,Assets,2018-11-30,4124800000,conceito de dívida total,5/5,9030.0,2621.0,,2840.0,203.0,2794.0,9362.0,4124.8,4124.8,0.0,4124.8,1643.0,89.0,18768.682,346.0,0.0291,0.053,1.15,0.2902547065337763,0.07265569076592698,efetiva,2633657838.224767,11843800000.0,0.22236594996747389,0.44058961760307624,1.6198650157806034,0.11495284583637198,0.02157680372381691,0.020009126144742168,13486800000,0.6941602159148205,0.3058397840851796,0.08591527910564012,0.13645067086183377,
ADBE,ADOBE INC.,796343,medio,2019,11171000000,Revenues,3244000000.0,SellingAndMarketingExpense,,,3268000000,OperatingIncomeLoss,254000000,IncomeTaxExpenseBenefit,3205000000.0,IncomeLossFromContinuingOperationsBeforeIncomeTaxesExtraordinaryItemsNoncontrollingInterest,157000000.0,InterestExpense,757000000.0,DepreciationDepletionAndAmortization,10530000000,StockholdersEquity,989000000.0,LongTermDebt,989000000.0,LongTermDebtAndCapitalLeaseObligations,3149000000.0,DebtCurrent,2650000000.0,CashAndCashEquivalentsAtCarryingValue,20762000000.0,Assets,2019-11-29,4138000000,soma longo + curto prazo,5/5,11171.0,3244.0,,3268.0,254.0,3205.0,10530.0,989.0,989.0,3149.0,4138.0,2650.0,157.0,20762.0,757.0,0.0241,0.056,1.17,0.2903947721779608,0.07925117004680188,efetiva,3009007176.287051,12018000000.0,0.2503750354707149,0.3929724596391263,1.5933398509273704,0.11332703165193274,0.03794103431609473,0.03493416295375836,14668000000,0.7178892827924734,0.28211071720752656,0.0912115632395353,0.15916347223117958,
ADBE,ADOBE INC.,796343,medio,2020,12868000000,Revenues,3591000000.0,SellingAndMarketingExpense,,,4237000000,OperatingIncomeLoss,-1084000000,IncomeTaxExpenseBenefit,4176000000.0,IncomeLossFromContinuingOperationsBeforeIncomeTaxesExtraordinaryItemsNoncontrollingInterest,116000000.0,InterestExpense,757000000.0,DepreciationDepletionAndAmortization,13264000000,StockholdersEquity,4117000000.0,LongTermDebt,4117000000.0,LongTermDebtAndCapitalLeaseObligations,0.0,DebtCurrent,4478000000.0,CashAndCashEquivalentsAtCarryingValue,24284000000.0,Assets,2020-11-27,4117000000,conceito de dívida total,5/5,12868.0,3591.0,,4237.0,-1084.0,4176.0,13264.0,4117.0,4117.0,0.0,4117.0,4478.0,116.0,24284.0,757.0,0.0093,0.072,1.21,0.2790643456636618,0.0,efetiva_limitada,4237000000.0,12903000000.0,0.3283732465318143,0.31038902291917975,1.5855707177322074,0.12346109167671893,0.028175856205975226,0.028175856205975226,17381000000,0.7631321558023129,0.23686784419768714,0.10089108336689487,0.22748216316491945,
ADBE,ADOBE INC.,796343,medio,2021,15785000000,Revenues,4321000000.0,SellingAndMarketingExpense,,,5802000000,OperatingIncomeLoss,883000000,IncomeTaxExpenseBenefit,5705000000.0,IncomeLossFromContinuingOperationsBeforeIncomeTaxesExtraordinaryItemsNoncontrollingInterest,113000000.0,InterestExpense,788000000.0,DepreciationDepletionAndAmortization,14797000000,StockholdersEquity,4123000000.0,LongTermDebt,4123000000.0,LongTermDebtAndCapitalLeaseObligations,0.0,DebtCurrent,3844000000.0,CashAndCashEquivalentsAtCarryingValue,27241000000.0,Assets,2021-12-03,4123000000,conceito de dívida total,5/5,15785.0,4321.0,,5802.0,883.0,5705.0,14797.0,4123.0,4123.0,0.0,4123.0,3844.0,113.0,27241.0,788.0,0.0148,0.048,1.18,0.27374089325308837,0.15477651183172655,efetiva,4903986678.352323,15076000000.0,0.3252843379114037,0.27863756166790565,1.4579029939330264,0.08477934370878526,0.02740722774678632,0.023165232637161023,18920000000,0.7820824524312896,0.21791754756871035,0.07135254772843078,0.25393179018297296,
ADBE,ADOBE INC.,796343,medio,2022,17606000000,Revenues,4968000000.0,SellingAndMarketingExpense,,,6098000000,OperatingIncomeLoss,1252000000,IncomeTaxExpenseBenefit,6008000000.0,IncomeLossFromContinuingOperationsBeforeIncomeTaxesExtraordinaryItemsNoncontrollingInterest,112000000.0,InterestExpense,856000000.0,DepreciationDepletionAndAmortization,14051000000,StockholdersEquity,3629000000.0,LongTermDebt,,,500000000.0,DebtCurrent,4236000000.0,CashAndCashEquivalentsAtCarryingValue,27165000000.0,Assets,2022-12-02,3629000000,conceito de dívida total,5/5,17606.0,4968.0,,6098.0,1252.0,6008.0,14051.0,3629.0,,500.0,3629.0,4236.0,112.0,27165.0,856.0,0.0296,0.05,1.09,0.28217653072816085,0.20838881491344874,efetiva,4827245006.657789,13444000000.0,0.3590631513431857,0.2582734324959078,1.3128528303921583,0.09524264151960792,0.030862496555524938,0.024431097473048703,17680000000,0.7947398190045248,0.2052601809954751,0.08070785117204211,0.2783553001711436,
ADBE,ADOBE INC.,796343,medio,2023,19409000000,Revenues,5351000000.0,SellingAndMarketingExpense,,,6650000000,OperatingIncomeLoss,1371000000,IncomeTaxExpenseBenefit,6799000000.0,IncomeLossFromContinuingOperationsBeforeIncomeTaxesExtraordinaryItemsNoncontrollingInterest,113000000.0,InterestExpense,872000000.0,DepreciationDepletionAndAmortization,16518000000,StockholdersEquity,3634000000.0,LongTermDebt,,,0.0,DebtCurrent,7141000000.0,CashAndCashEquivalentsAtCarryingValue,29779000000.0,Assets,2023-12-01,3634000000,conceito de dívida total,5/5,19409.0,5351.0,,6650.0,1371.0,6799.0,16518.0,3634.0,,0.0,3634.0,7141.0,113.0,29779.0,872.0,0.0396,0.045,1.07,0.2756968416713896,0.2016473010736873,efetiva,5309045447.85998,13011000000.0,0.40804284435170085,0.22000242160067804,1.2579342939490916,0.09620704322770912,0.03109521188772702,0.02482494633425243,20152000000,0.8196705041683208,0.18032949583167923,0.083334745683504,0.32470809866819683,
ADBE,ADOBE INC.,796343,medio,2024,21505000000,Revenues,5764000000.0,SellingAndMarketingExpense,,,6741000000,OperatingIncomeLoss,1371000000,IncomeTaxExpenseBenefit,6931000000.0,IncomeLossFromContinuingOperationsBeforeIncomeTaxesExtraordinaryItemsNoncontrollingInterest,169000000.0,InterestExpenseNonoperating,857000000.0,DepreciationDepletionAndAmortization,14105000000,StockholdersEquity,4129000000.0,LongTermDebt,,,1500000000.0,LongTermDebtCurrent,7613000000.0,CashAndCashEquivalentsAtCarryingValue,30230000000.0,Assets,2024-11-29,4129000000,conceito de dívida total,5/5,21505.0,5764.0,,6741.0,1371.0,6931.0,14105.0,4129.0,,1500.0,4129.0,7613.0,169.0,30230.0,857.0,0.0423,0.046,1.05,0.2680306905370844,0.19780695426345404,efetiva,5407583321.310056,10621000000.0,0.5091406949731716,0.2927330733782347,1.2965698575071611,0.10194221344532942,0.040930007265681766,0.03283376719047621,18234000000,0.7735548974443348,0.22644510255566525,0.08629294424568651,0.4228477507274851,
APPN,APPIAN CORP,1441683,alto,2015,111204000,Revenues,38300000.0,SellingAndMarketingExpense,16750000.0,ResearchAndDevelopmentExpense,-4842000,OperatingIncomeLoss,378000,IncomeTaxExpenseBenefit,-6609000.0,IncomeLossFromContinuingOperationsBeforeIncomeTaxesExtraordinaryItemsNoncontrollingInterest,,,800000.0,DepreciationDepletionAndAmortization,-50533000,StockholdersEquity,,,,,,,31393000.0,CashAndCashEquivalentsAtCarryingValue,,,2015-12-31,0,sem dívida divulgada,5/5,111.204,38.3,16.75,-4.842,0.378,-6.609,-50.533,,,,0.0,31.393,,,0.8,0.0221,0.058,1.04,0.3444120715082191,0.35,estatutaria,-3147300.0,-81926000.0,,0.0,1.04,0.08242000000000001,0.0,0.0,-50533000,1.0,0.0,0.08242000000000001,,capital investido <= 0
APPN,APPIAN CORP,1441683,alto,2016,132923000,RevenueFromContractWithCustomerExcludingAssessedTax,54137000.0,SellingAndMarketingExpense,22994000.0,ResearchAndDevelopmentExpense,-11370000,OperatingIncomeLoss,-1683000,IncomeTaxExpenseBenefit,-14144000.0,IncomeLossFromContinuingOperationsBeforeIncomeTaxesExtraordinaryItemsNoncontrollingInterest,,,800000.0,DepreciationDepletionAndAmortization,-63492000,StockholdersEquity,,,13889000.0,LongTermDebtNoncurrent,6111000.0,LongTermDebtCurrent,31143000.0,CashAndCashEquivalentsAtCarryingValue,102738000.0,Assets,2016-12-31,20000000,soma longo + curto prazo,5/5,132.923,54.137,22.994,-11.37,-1.683,-14.144,-63.492,,13.889,6.111,20.0,31.143,,102.738,0.8,0.0184,0.062,1.1,0.4072809069912656,0.35,estatutaria,-7390500.0,-74635000.0,,0.0,1.1,0.08660000000000001,,,-43492000,1.0,0.0,,,capital investido <= 0
APPN,APPIAN CORP,1441683,alto,2017,176737000,RevenueFromContractWithCustomerExcludingAssessedTax,81966000.0,SellingAndMarketingExpense,34835000.0,ResearchAndDevelopmentExpense,-31811000,OperatingIncomeLoss,761000,IncomeTaxExpenseBenefit,-30246000.0,IncomeLossFromContinuingOperationsBeforeIncomeTaxesExtraordinaryItemsNoncontrollingInterest,,,900000.0,DepreciationDepletionAndAmortization,45524000,StockholdersEquity,,,0.0,LongTermDebtNoncurrent,0.0,LongTermDebtCurrent,73758000.0,CashAndCashEquivalentsAtCarryingValue,161052000.0,Assets,2017-12-31,0,sem dívida divulgada,5/5,176.737,81.966,34.835,-31.811,0.761,-30.246,45.524,,0.0,0.0,0.0,73.758,,161.052,0.9,0.0233,0.057,1.11,0.46377385606862176,0.35,estatutaria,-20677150.0,-28234000.0,,0.0,1.11,0.08657000000000001,0.0,0.0,45524000,1.0,0.0,0.08657000000000001,,capital investido <= 0
APPN,APPIAN CORP,1441683,alto,2018,226743000,RevenueFromContractWithCustomerExcludingAssessedTax,105992000.0,SellingAndMarketingExpense,44724000.0,ResearchAndDevelopmentExpense,-46719000,OperatingIncomeLoss,239000,IncomeTaxExpenseBenefit,-49212000.0,IncomeLossFromContinuingOperationsBeforeIncomeTaxesExtraordinaryItemsNoncontrollingInterest,,,2000000.0,DepreciationDepletionAndAmortization,73192000,StockholdersEquity,,,,,,,94930000.0,CashAndCashEquivalentsAtCarryingValue,233180000.0,Assets,2018-12-31,0,sem dívida divulgada,5/5,226.743,105.992,44.724,-46.719,0.239,-49.212,73.192,,,,0.0,94.93,,233.18,2.0,0.0291,0.053,1.15,0.4674543425816894,0.21,estatutaria,-36908010.0,-21738000.0,,0.0,1.15,0.09004999999999999,0.0,0.0,73192000,1.0,0.0,0.09004999999999999,,capital investido <= 0
APPN,APPIAN CORP,1441683,alto,2019,260352000,RevenueFromContractWithCustomerExcludingAssessedTax,117440000.0,SellingAndMarketingExpense,58043000.0,ResearchAndDevelopmentExpense,-50468000,OperatingIncomeLoss,820000,IncomeTaxExpenseBenefit,-49894000.0,IncomeLossFromContinuingOperationsBeforeIncomeTaxesExtraordinaryItemsNoncontrollingInterest,,,4700000.0,DepreciationDepletionAndAmortization,205237000,StockholdersEquity,,,,,,,159755000.0,CashAndCashEquivalentsAtCarryingValue,371485000.0,Assets,2019-12-31,0,sem dívida divulgada,5/5,260.352,117.44,58.043,-50.468,0.82,-49.894,205.237,,,,0.0,159.755,,371.485,4.7,0.0241,0.056,1.17,0.45108161258603735,0.21,estatutaria,-39869720.0,45482000.0,-0.8766043709599401,0.0,1.17,0.08961999999999999,0.0,0.0,205237000,1.0,0.0,0.08961999999999999,-0.9662243709599402,
APPN,APPIAN CORP,1441683,alto,2020,304573000,RevenueFromContractWithCustomerExcludingAssessedTax,130316000.0,SellingAndMarketingExpense,70241000.0,ResearchAndDevelopmentExpense,-37902000,OperatingIncomeLoss,883000,IncomeTaxExpenseBenefit,-32594000.0,IncomeLossFromContinuingOperationsBeforeIncomeTaxesExtraordinaryItemsNoncontrollingInterest,,,5400000.0,DepreciationDepletionAndAmortization,296605000,StockholdersEquity,,,,,,,112462000.0,CashAndCashEquivalentsAtCarryingValue,512521000.0,Assets,2020-12-31,0,sem dívida divulgada,5/5,304.573,130.316,70.241,-37.902,0.883,-32.594,296.605,,,,0.0,112.462,,512.521,5.4,0.0093,0.072,1.21,0.4278645841883555,0.21,estatutaria,-29942580.0,184143000.0,-0.16260504064775744,0.0,1.21,0.09641999999999999,0.0,0.0,296605000,1.0,0.0,0.09641999999999999,-0.25902504064775744,
APPN,APPIAN CORP,1441683,alto,2021,369259000,RevenueFromContractWithCustomerExcludingAssessedTax,167852000.0,SellingAndMarketingExpense,97517000.0,ResearchAndDevelopmentExpense,-83907000,OperatingIncomeLoss,778000,IncomeTaxExpenseBenefit,-87863000.0,IncomeLossFromContinuingOperationsBeforeIncomeTaxesExtraordinaryItemsNoncontrollingInterest,,,4900000.0,DepreciationDepletionAndAmortization,233917000,StockholdersEquity,0.0,LongTermDebt,0.0,LongTermDebtNoncurrent,0.0,LongTermDebtCurrent,100796000.0,CashAndCashEquivalentsAtCarryingValue,504519000.0,Assets,2021-12-31,0,sem dívida divulgada,5/5,369.259,167.852,97.517,-83.907,0.778,-87.863,233.917,0.0,0.0,0.0,0.0,100.796,,504.519,4.9,0.0148,0.048,1.18,0.45456441142937615,0.21,estatutaria,-66286530.0,133121000.0,-0.49794194755147575,0.0,1.18,0.07144,0.0,0.0,233917000,1.0,0.0,0.07144,-0.5693819475514758,
APPN,APPIAN CORP,1441683,alto,2022,467991000,RevenueFromContractWithCustomerExcludingAssessedTax,220374000.0,SellingAndMarketingExpense,139210000.0,ResearchAndDevelopmentExpense,-145010000,OperatingIncomeLoss,692000,IncomeTaxExpenseBenefit,-150228000.0,IncomeLossFromContinuingOperationsBeforeIncomeTaxesExtraordinaryItemsNoncontrollingInterest,1673000.0,InterestExpenseNonoperating,5800000.0,DepreciationDepletionAndAmortization,145700000,StockholdersEquity,118119000.0,LongTermDebt,115379000.0,LongTermDebtNoncurrent,2740000.0,LongTermDebtCurrent,148132000.0,CashAndCashEquivalentsAtCarryingValue,594214000.0,Assets,2022-12-31,118119000,conceito de dívida total,5/5,467.991,220.374,139.21,-145.01,0.692,-150.228,145.7,118.119,115.379,2.74,118.119,148.132,1.673,594.214,5.8,0.0296,0.05,1.09,0.47089367103213525,0.21,estatutaria,-114557900.0,115687000.0,-0.9902400442573496,0.8107000686341799,1.7880938291008923,0.11900469145504462,0.014163682388100136,0.011189309086599108,263819000,0.5522725808224578,0.44772741917754216,0.07073278855958062,-1.0609728328169301,
APPN,APPIAN CORP,1441683,alto,2023,545363000,RevenueFromContractWithCustomerExcludingAssessedTax,249968000.0,SellingAndMarketingExpense,160420000.0,ResearchAndDevelopmentExpense,-107973000,OperatingIncomeLoss,3209000,IncomeTaxExpenseBenefit,-108232000.0,IncomeLossFromContinuingOperationsBeforeIncomeTaxesExtraordinaryItemsNoncontrollingInterest,17862000.0,InterestExpenseNonoperating,8000000.0,DepreciationDepletionAndAmortization,52341000,StockholdersEquity,206589000.0,LongTermDebt,140221000.0,LongTermDebtNoncurrent,66368000.0,LongTermDebtCurrent,149351000.0,CashAndCashEquivalentsAtCarryingValue,627503000.0,Assets,2023-12-31,206589000,conceito de dívida total,5/5,545.363,249.968,160.42,-107.973,3.209,-108.232,52.341,206.589,140.221,66.368,206.589,149.351,17.862,627.503,8.0,0.0396,0.045,1.07,0.458351593342416,0.21,estatutaria,-85298670.0,109579000.0,-0.7784216866370381,3.9469822892187767,4.406384129076632,0.23788728580844842,0.08646152505699722,0.06830460479502781,258930000,0.2021434364500058,0.7978565635499942,0.1025846306974858,-0.881006317334524,
APPN,APPIAN CORP,1441683,alto,2024,617022000,RevenueFromContractWithCustomerExcludingAssessedTax,238454000.0,SellingAndMarketingExpense,163400000.0,ResearchAndDevelopmentExpense,-60853000,OperatingIncomeLoss,1054000,IncomeTaxExpenseBenefit,-91208000.0,IncomeLossFromContinuingOperationsBeforeIncomeTaxesExtraordinaryItemsNoncontrollingInterest,23582000.0,InterestExpenseNonoperating,10030000.0,DepreciationAndAmortization,-32640000,StockholdersEquity,250424000.0,LongTermDebt,240826000.0,LongTermDebtNoncurrent,9598000.0,LongTermDebtCurrent,118552000.0,CashAndCashEquivalentsAtCarryingValue,621039000.0,Assets,2024-12-31,250424000,conceito de dívida total,5/5,617.022,238.454,163.4,-60.853,1.054,-91.208,-32.64,250.424,240.826,9.598,250.424,118.552,23.582,621.039,10.03,0.0423,0.046,1.05,0.3864594779440603,0.21,estatutaria,-48073870.0,99232000.0,-0.48445934779103517,0.0,1.05,0.0906,0.09416829057917772,0.07439294955755041,217784000,1.0,0.0,0.0906,-0.5750593477910352,
BLKB,BLACKBAUD INC,1280058,baixo,2015,637940000,Revenues,123646000.0,SellingAndMarketingExpense,84636000.0,ResearchAndDevelopmentExpense,46712000,OperatingIncomeLoss,11303000,IncomeTaxExpenseBenefit,36952000.0,IncomeLossFromContinuingOperationsBeforeIncomeTaxesMinorityInterestAndIncomeLossFromEquityMethodInvestments,8073000.0,InterestExpense,55997000.0,DepreciationAndAmortization,210588000,StockholdersEquity,410244000.0,LongTermDebt,403712000.0,LongTermDebtNoncurrent,4375000.0,LongTermDebtCurrent,15362000.0,CashAndCashEquivalentsAtCarryingValue,1223336000.0,Assets,2015-12-31,410244000,conceito de dívida total,5/5,637.94,123.646,84.636,46.712,11.303,36.952,210.588,410.244,403.712,4.375,410.244,15.362,8.073,1223.336,55.997,0.0221,0.058,1.04,0.19382073549236606,0.305883308075341,efetiva,32423578.913184676,605470000.0,0.05355109074468541,1.9480882101544248,2.446288565770212,0.16398473681467232,0.019678532775616462,0.013659198072141878,620832000,0.3392028761404051,0.6607971238595949,0.0646500531709641,-0.01109896242627869,
BLKB,BLACKBAUD INC,1280058,baixo,2016,731642000,RevenueFromContractWithCustomerExcludingAssessedTax,150157000.0,SellingAndMarketingExpense,89870000.0,ResearchAndDevelopmentExpense,68224000,OperatingIncomeLoss,11946000,IncomeTaxExpenseBenefit,57350000.0,IncomeLossFromContinuingOperationsBeforeIncomeTaxesMinorityInterestAndIncomeLossFromEquityMethodInvestments,10583000.0,InterestExpense,70491000.0,DepreciationAndAmortization,269078000,StockholdersEquity,343869000.0,LongTermDebt,338018000.0,LongTermDebtNoncurrent,4375000.0,LongTermDebtCurrent,16902000.0,CashAndCashEquivalentsAtCarryingValue,1310210000.0,Assets,2016-12-31,343869000,conceito de dívida total,5/5,731.642,150.157,89.87,68.224,11.946,57.35,269.078,343.869,338.018,4.375,343.869,16.902,10.583,1310.21,70.491,0.0184,0.062,1.1,0.20523288712239046,0.20829991281604185,efetiva,54012946.74803836,596045000.0,0.09061890754563558,1.2779528612521276,2.2129309308373277,0.1556017177119143,0.030776254911027163,0.024365563696255924,612947000,0.43899064682590827,0.5610093531740917,0.08197700783453432,0.008641899711101256,
BLKB,BLACKBAUD INC,1280058,baixo,2017,788487000,RevenueFromContractWithCustomerExcludingAssessedTax,169559000.0,SellingAndMarketingExpense,89911000.0,ResearchAndDevelopmentExpense,68178000,OperatingIncomeLoss,-15292000,IncomeTaxExpenseBenefit,58341000.0,IncomeLossFromContinuingOperationsBeforeIncomeTaxesMinorityInterestAndIncomeLossFromEquityMethodInvestments,12097000.0,InterestExpense,73948000.0,DepreciationAndAmortization,336289000,StockholdersEquity,440326000.0,LongTermDebt,429648000.0,LongTermDebtNoncurrent,8576000.0,LongTermDebtCurrent,29830000.0,CashAndCashEquivalentsAtCarryingValue,1797846000.0,Assets,2017-12-31,440326000,conceito de dívida total,5/5,788.487,169.559,89.911,68.178,-15.292,58.341,336.289,440.326,429.648,8.576,440.326,29.83,12.097,1797.846,73.948,0.0233,0.057,1.11,0.21504349469300066,0.0,efetiva_limitada,68178000.0,746785000.0,0.09129535274543543,1.3093678354034775,2.5633982972978604,0.16941370294597807,0.027472826950940894,0.027472826950940894,776615000,0.4330189347360017,0.5669810652639983,0.08893591386980682,0.0023594388756286166,
BLKB,BLACKBAUD INC,1280058,baixo,2018,848606000,RevenueFromContractWithCustomerExcludingAssessedTax,192848000.0,SellingAndMarketingExpense,98811000.0,ResearchAndDevelopmentExpense,59417000,OperatingIncomeLoss,-219000,IncomeTaxExpenseBenefit,44622000.0,IncomeLossFromContinuingOperationsBeforeIncomeTaxesMinorityInterestAndIncomeLossFromEquityMethodInvestments,15898000.0,InterestExpense,79566000.0,DepreciationAndAmortization,373783000,StockholdersEquity,388750000.0,LongTermDebt,379624000.0,LongTermDebtNoncurrent,7500000.0,LongTermDebtCurrent,30866000.0,CashAndCashEquivalentsAtCarryingValue,1615305000.0,Assets,2018-12-31,388750000,conceito de dívida total,5/5,848.606,192.848,98.811,59.417,-0.219,44.622,373.783,388.75,379.624,7.5,388.75,30.866,15.898,1615.305,79.566,0.0291,0.053,1.15,0.2272526944188469,0.0,efetiva_limitada,59417000.0,731667000.0,0.08120770787803741,1.0400419494733575,2.3460482418943607,0.15344055682040111,0.0408951768488746,0.0408951768488746,762533000,0.4901859985076056,0.5098140014923944,0.0960633463076352,-0.014855638429597792,
BLKB,BLACKBAUD INC,1280058,baixo,2019,900423000,RevenueFromContractWithCustomerExcludingAssessedTax,224152000.0,SellingAndMarketingExpense,106164000.0,ResearchAndDevelopmentExpense,27145000,OperatingIncomeLoss,-1323000,IncomeTaxExpenseBenefit,10585000.0,IncomeLossFromContinuingOperationsBeforeIncomeTaxesExtraordinaryItemsNoncontrollingInterest,20618000.0,InterestExpense,85693000.0,DepreciationAndAmortization,396764000,StockholdersEquity,468250000.0,LongTermDebt,459600000.0,LongTermDebtNoncurrent,7500000.0,LongTermDebtCurrent,31810000.0,CashAndCashEquivalentsAtCarryingValue,1992963000.0,Assets,2019-12-31,468250000,conceito de dívida total,5/5,900.423,224.152,106.164,27.145,-1.323,10.585,396.764,468.25,459.6,7.5,468.25,31.81,20.618,1992.963,85.693,0.0241,0.056,1.17,0.24894077561323955,0.0,efetiva_limitada,27145000.0,833204000.0,0.03257905626953303,1.1801725963041,2.550801937675797,0.16694490850984464,0.0440320341697811,0.0440320341697811,865014000,0.4586792814913978,0.5413207185086022,0.1004096230581239,-0.06783056678859087,
BLKB,BLACKBAUD INC,1280058,baixo,2020,913219000,RevenueFromContractWithCustomerExcludingAssessedTax,209762000.0,SellingAndMarketingExpense,100146000.0,ResearchAndDevelopmentExpense,37243000,OperatingIncomeLoss,13897000,IncomeTaxExpenseBenefit,21614000.0,IncomeLossFromContinuingOperationsBeforeIncomeTaxesExtraordinaryItemsNoncontrollingInterest,17287000.0,InterestExpense,92735000.0,DepreciationAndAmortization,426150000,StockholdersEquity,534177000.0,LongTermDebt,518193000.0,LongTermDebtNoncurrent,12840000.0,LongTermDebtCurrent,35750000.0,CashAndCashEquivalentsAtCarryingValue,2044734000.0,Assets,2020-12-31,534177000,conceito de dívida total,5/5,913.219,209.762,100.146,37.243,13.897,21.614,426.15,534.177,518.193,12.84,534.177,35.75,17.287,2044.734,92.735,0.0093,0.072,1.21,0.2296951771699888,0.6429628944202832,efetiva,13297132.923105393,924577000.0,0.01438185561949453,1.2534952481520591,1.7515286214623493,0.13541006074528913,0.03236193246807706,0.011554410699368495,960327000,0.4437550959204521,0.5562449040795479,0.06651598656578596,-0.05213413094629143,
BLKB,BLACKBAUD INC,1280058,baixo,2021,927740000,RevenueFromContractWithCustomerExcludingAssessedTax,186314000.0,SellingAndMarketingExpense,124573000.0,ResearchAndDevelopmentExpense,24906000,OperatingIncomeLoss,1385000,IncomeTaxExpenseBenefit,7083000.0,IncomeLossFromContinuingOperationsBeforeIncomeTaxesExtraordinaryItemsNoncontrollingInterest,18003000.0,InterestExpense,82410000.0,DepreciationAndAmortization,717060000,StockholdersEquity,961174000.0,LongTermDebt,937483000.0,LongTermDebtNoncurrent,18697000.0,LongTermDebtCurrent,55146000.0,CashAndCashEquivalentsAtCarryingValue,2971617000.0,Assets,2021-12-31,961174000,conceito de dívida total,5/5,927.74,186.314,124.573,24.906,1.385,7.083,717.06,961.174,937.483,18.697,961.174,55.146,18.003,2971.617,82.41,0.0148,0.048,1.18,0.2008256623622998,0.19553861358181562,efetiva,20035915.2901313,1623088000.0,0.01234431853980271,1.340437341366134,2.452429496809684,0.13251661584686483,0.01873021950240019,0.015067738348817774,1678234000,0.4272705713267637,0.5727294286732363,0.06525018733909542,-0.05290586879929271,
BLKB,BLACKBAUD INC,1280058,baixo,2022,1058105000,RevenueFromContractWithCustomerExcludingAssessedTax,221455000.0,SellingAndMarketingExpense,156913000.0,ResearchAndDevelopmentExpense,-28485000,OperatingIncomeLoss,-10168000,IncomeTaxExpenseBenefit,-55575000.0,IncomeLossFromContinuingOperationsBeforeIncomeTaxesExtraordinaryItemsNoncontrollingInterest,35803000.0,InterestExpense,102369000.0,DepreciationAndAmortization,744032000,StockholdersEquity,861986000.0,LongTermDebt,840241000.0,LongTermDebtNoncurrent,18802000.0,LongTermDebtCurrent,31691000.0,CashAndCashEquivalentsAtCarryingValue,2992703000.0,Assets,2022-12-31,861986000,conceito de dívida total,5/5,1058.105,221.455,156.913,-28.485,-10.168,-55.575,744.032,861.986,840.241,18.802,861.986,31.691,35.803,2992.703,102.369,0.0296,0.05,1.09,0.20929397366045902,0.21,estatutaria,-22503150.0,1574327000.0,-0.01429382205856852,1.1585335039353146,2.0876132002386996,0.13398066001193498,0.04153547737434251,0.03281302712573059,1606018000,0.4632774975124812,0.5367225024875188,0.07968171491851275,-0.09397553697708128,
BLKB,BLACKBAUD INC,1280058,baixo,2023,1107080000,RevenueFromContractWithCustomerExcludingAssessedTax,212158000.0,SellingAndMarketingExpense,147467000.0,ResearchAndDevelopmentExpense,46353000,OperatingIncomeLoss,16274000,IncomeTaxExpenseBenefit,19292000.0,IncomeLossFromContinuingOperationsBeforeIncomeTaxesExtraordinaryItemsNoncontrollingInterest,39922000.0,InterestExpense,109487000.0,DepreciationAndAmortization,809903000,StockholdersEquity,781145000.0,LongTermDebt,760405000.0,LongTermDebtNoncurrent,19259000.0,LongTermDebtCurrent,31251000.0,CashAndCashEquivalentsAtCarryingValue,2912279000.0,Assets,2023-12-31,781145000,conceito de dívida total,5/5,1107.08,212.158,147.467,46.353,16.274,19.292,809.903,781.145,760.405,19.259,781.145,31.251,39.922,2912.279,109.487,0.0396,0.045,1.07,0.1916374607074466,0.8435620982790795,efetiva,7251366.058469829,1559797000.0,0.004648916531106182,0.9644920441089859,1.2314449294194165,0.09501502182387375,0.05110702878466866,0.007995076346264254,1591048000,0.5090374394738563,0.4909625605261438,0.052291486575341176,-0.04764257004423499,
BLKB,BLACKBAUD INC,1280058,baixo,2024,1154624000,RevenueFromContractWithCustomerExcludingAssessedTax,197499000.0,SellingAndMarketingExpense,153680000.0,ResearchAndDevelopmentExpense,-271377000,OperatingIncomeLoss,-12938000,IncomeTaxExpenseBenefit,-312462000.0,IncomeLossFromContinuingOperationsBeforeIncomeTaxesExtraordinaryItemsNoncontrollingInterest,55634000.0,InterestExpense,121665000.0,DepreciationAndAmortization,126839000,StockholdersEquity,1077818000.0,LongTermDebt,1051110000.0,LongTermDebtNoncurrent,23875000.0,LongTermDebtCurrent,67628000.0,CashAndCashEquivalentsAtCarryingValue,2496000000.0,Assets,2024-12-31,1077818000,conceito de dívida total,5/5,1154.624,197.499,153.68,-271.377,-12.938,-312.462,126.839,1077.818,1051.11,23.875,1077.818,67.628,55.634,2496.0,121.665,0.0423,0.046,1.05,0.17105048916357185,0.21,estatutaria,-214387830.0,1137029000.0,-0.1885508900828387,8.497528362727552,8.098699776882505,0.4148401897365952,0.051617248923287604,0.04077762664939721,1204657000,0.1052905515843929,0.8947094484156071,0.08016288024392004,-0.26871377032675875,
CDNS,CADENCE DESIGN SYSTEMS INC,813672,baixo,2015,1702091000,SalesRevenueNet,402432000.0,SellingAndMarketingExpense,,,285430000,OperatingIncomeLoss,15179000,IncomeTaxExpenseBenefit,267596000.0,IncomeLossFromContinuingOperationsBeforeIncomeTaxesExtraordinaryItemsNoncontrollingInterest,28311000.0,InterestExpense,118165000.0,DepreciationDepletionAndAmortization,1376115000,StockholdersEquity,,,343288000.0,UnsecuredLongTermDebt,0.0,ConvertibleNotesPayableCurrent,616686000.0,CashAndCashEquivalentsAtCarryingValue,2345515000.0,Assets,2016-01-02,343288000,soma longo + curto prazo,5/5,1702.091,402.432,,285.43,15.179,267.596,1376.115,,343.288,0.0,343.288,616.686,28.311,2345.515,118.165,0.0221,0.058,1.04,0.23643389219495314,0.05672356836425059,efetiva,269239391.88179195,1102717000.0,0.24416000830838008,0.24946170923214994,1.2847238049508276,0.096613980687148,0.08247011255855143,0.07779211349082898,1719403000,0.8003446545108971,0.1996553454891029,0.0928560942893169,0.15130391401906318,
CDNS,CADENCE DESIGN SYSTEMS INC,813672,baixo,2016,1816083000,RevenueFromContractWithCustomerExcludingAssessedTax,395194000.0,SellingAndMarketingExpense,,,244901000,OperatingIncomeLoss,34067000,IncomeTaxExpenseBenefit,237153000.0,IncomeLossFromContinuingOperationsBeforeIncomeTaxesExtraordinaryItemsNoncontrollingInterest,23670000.0,InterestExpense,119588000.0,DepreciationDepletionAndAmortization,741770000,StockholdersEquity,,,643493000.0,UnsecuredLongTermDebt,,,465232000.0,CashAndCashEquivalentsAtCarryingValue,2096908000.0,Assets,2016-12-31,643493000,soma longo + curto prazo,5/5,1816.083,395.194,,244.901,34.067,237.153,741.77,,643.493,,643.493,465.232,23.67,2096.908,119.588,0.0184,0.062,1.1,0.21760789567437172,0.1436498800352515,efetiva,209721000.72948688,920031000.0,0.22794992856706664,0.8675101446540032,1.9171816580896015,0.1372652628015553,0.036783616915801724,0.03149965475858416,1385263000,0.5354723254717696,0.4645276745282304,0.0881342108522896,0.13981571771477702,
CDNS,CADENCE DESIGN SYSTEMS INC,813672,baixo,2017,1943032000,RevenueFromContractWithCustomerExcludingAssessedTax,419161000.0,SellingAndMarketingExpense,,,323955000,OperatingIncomeLoss,110945000,IncomeTaxExpenseBenefit,315046000.0,IncomeLossFromContinuingOperationsBeforeIncomeTaxesExtraordinaryItemsNoncontrollingInterest,25664000.0,InterestExpense,115524000.0,DepreciationDepletionAndAmortization,989202000,StockholdersEquity,,,644369000.0,UnsecuredLongTermDebt,,,688087000.0,CashAndCashEquivalentsAtCarryingValue,2418714000.0,Assets,2017-12-30,644369000,soma longo + curto prazo,5/5,1943.032,419.161,,323.955,110.945,315.046,989.202,,644.369,,644.369,688.087,25.664,2418.714,115.524,0.0233,0.057,1.11,0.21572521708340367,0.35215492340801025,efetiva,209872651.78735805,945484000.0,0.2219737740536678,0.6514028479521877,1.5784290219954462,0.11327045425374044,0.039828110911605,0.025802445564043004,1633571000,0.6055457644632526,0.3944542355367474,0.07876832775212425,0.14320544630154355,
CDNS,CADENCE DESIGN SYSTEMS INC,813672,baixo,2018,2138022000,RevenueFromContractWithCustomerExcludingAssessedTax,439669000.0,SellingAndMarketingExpense,,,396209000,OperatingIncomeLoss,30613000,IncomeTaxExpenseBenefit,376390000.0,IncomeLossFromContinuingOperationsBeforeIncomeTaxesExtraordinaryItemsNoncontrollingInterest,23139000.0,InterestExpense,118721000.0,DepreciationDepletionAndAmortization,1288401000,StockholdersEquity,,,345291000.0,UnsecuredLongTermDebt,,,533298000.0,CashAndCashEquivalentsAtCarryingValue,2468654000.0,Assets,2018-12-29,345291000,soma longo + curto prazo,5/5,2138.022,439.669,,396.209,30.613,376.39,1288.401,,345.291,,345.291,533.298,23.139,2468.654,118.721,0.0291,0.053,1.15,0.20564287925942765,0.08133319163633465,efetiva,363984057.4749595,1100394000.0,0.33077611971253884,0.2679996367590525,1.4331327265856693,0.10505603450904047,0.06701304117396631,0.06156265665403052,1633692000,0.7886437590439324,0.21135624095606761,0.09586343765912368,0.23491268205341514,
CDNS,CADENCE DESIGN SYSTEMS INC,813672,baixo,2019,2336319000,RevenueFromContractWithCustomerExcludingAssessedTax,481673000.0,SellingAndMarketingExpense,,,491796000,OperatingIncomeLoss,-510011000,IncomeTaxExpenseBenefit,478968000.0,IncomeLossFromContinuingOperationsBeforeIncomeTaxesExtraordinaryItemsNoncontrollingInterest,18829000.0,InterestExpense,122789000.0,DepreciationDepletionAndAmortization,2102894000,StockholdersEquity,,,346019000.0,UnsecuredLongTermDebt,,,705210000.0,CashAndCashEquivalentsAtCarryingValue,3357225000.0,Assets,2019-12-28,346019000,soma longo + curto prazo,5/5,2336.319,481.673,,491.796,-510.011,478.968,2102.894,,346.019,,346.019,705.21,18.829,3357.225,122.789,0.0241,0.056,1.17,0.2061674796977639,0.0,efetiva_limitada,491796000.0,1743703000.0,0.28204115035645405,0.164544194809629,1.362516707927266,0.1004009356439269,0.054416086977882715,0.054416086977882715,2448913000,0.8587050662885941,0.14129493371140583,0.09390350949992915,0.1881376408565249,
CDNS,CADENCE DESIGN SYSTEMS INC,813672,baixo,2020,2682891000,RevenueFromContractWithCustomerExcludingAssessedTax,516460000.0,SellingAndMarketingExpense,,,645552000,OperatingIncomeLoss,42104000,IncomeTaxExpenseBenefit,632748000.0,IncomeLossFromContinuingOperationsBeforeIncomeTaxesExtraordinaryItemsNoncontrollingInterest,20749000.0,InterestExpense,145653000.0,DepreciationDepletionAndAmortization,2493018000,StockholdersEquity,,,346793000.0,UnsecuredLongTermDebt,,,928432000.0,CashAndCashEquivalentsAtCarryingValue,3950785000.0,Assets,2021-01-02,346793000,soma longo + curto prazo,5/5,2682.891,516.46,,645.552,42.104,632.748,2493.018,,346.793,,346.793,928.432,20.749,3950.785,145.653,0.0093,0.072,1.21,0.192501298040062,0.06654149835321486,efetiva,602596002.6550854,1911379000.0,0.3152676693921433,0.1391056943832736,1.3671177655899507,0.10773247912247644,0.059831080788827914,0.05584983102504706,2839811000,0.8778816618429889,0.12211833815701115,0.10139665635763334,0.21387101303450995,
CDNS,CADENCE DESIGN SYSTEMS INC,813672,baixo,2021,2988244000,RevenueFromContractWithCustomerExcludingAssessedTax,560262000.0,SellingAndMarketingExpense,,,779089000,OperatingIncomeLoss,72480000,IncomeTaxExpenseBenefit,768435000.0,IncomeLossFromContinuingOperationsBeforeIncomeTaxesExtraordinaryItemsNoncontrollingInterest,16980000.0,InterestExpense,142308000.0,DepreciationDepletionAndAmortization,2740675000,StockholdersEquity,,,347588000.0,UnsecuredLongTermDebt,,,1088940000.0,CashAndCashEquivalentsAtCarryingValue,4386299000.0,Assets,2022-01-01,347588000,soma longo + curto prazo,5/5,2988.244,560.262,,779.089,72.48,768.435,2740.675,,347.588,,347.588,1088.94,16.98,4386.299,142.308,0.0148,0.048,1.18,0.18748870574156595,0.09432157567003065,efetiva,705604097.9328115,1999323000.0,0.3529215128985219,0.126825690751366,1.3155386842818233,0.07794585684552752,0.04885093846738092,0.04424324097817784,3088263000,0.8874487049839991,0.1125512950160009,0.0741525837842305,0.2787689291142914,
CDNS,CADENCE DESIGN SYSTEMS INC,813672,baixo,2022,3561718000,RevenueFromContractWithCustomerExcludingAssessedTax,604224000.0,SellingAndMarketingExpense,,,1073686000,OperatingIncomeLoss,196411000,IncomeTaxExpenseBenefit,1045363000.0,IncomeLossFromContinuingOperationsBeforeIncomeTaxesExtraordinaryItemsNoncontrollingInterest,22934000.0,InterestExpense,132088000.0,DepreciationDepletionAndAmortization,2745113000,StockholdersEquity,,,648078000.0,UnsecuredLongTermDebt,0.0,UnsecuredDebtCurrent,882325000.0,CashAndCashEquivalentsAtCarryingValue,5137071000.0,Assets,2022-12-31,648078000,soma longo + curto prazo,5/5,3561.718,604.224,,1073.686,196.411,1045.363,2745.113,,648.078,0.0,648.078,882.325,22.934,5137.071,132.088,0.0296,0.05,1.09,0.16964397518276292,0.18788784374423048,efetiva,871953452.6016321,2510866000.0,0.3472719980284221,0.23608427048358302,1.2989823274969374,0.09454911637484688,0.03538771567619947,0.02873879408276445,3393191000,0.8090063306191724,0.19099366938082765,0.08197976143714718,0.26529223659127493,
CDNS,CADENCE DESIGN SYSTEMS INC,813672,baixo,2023,4089986000,RevenueFromContractWithCustomerExcludingAssessedTax,690319000.0,SellingAndMarketingExpense,,,1251225000,OperatingIncomeLoss,240782000,IncomeTaxExpenseBenefit,1281926000.0,IncomeLossFromContinuingOperationsBeforeIncomeTaxesExtraordinaryItemsNoncontrollingInterest,36185000.0,InterestExpense,145292000.0,DepreciationDepletionAndAmortization,3404271000,StockholdersEquity,,,299771000.0,UnsecuredLongTermDebt,349285000.0,UnsecuredDebtCurrent,1008152000.0,CashAndCashEquivalentsAtCarryingValue,5669491000.0,Assets,2023-12-31,649056000,soma longo + curto prazo,5/5,4089.986,690.319,,1251.225,240.782,1281.926,3404.271,,299.771,349.285,649.056,1008.152,36.185,5669.491,145.292,0.0396,0.045,1.07,0.16878272932963584,0.18782831458290103,efetiva,1016209517.0860096,3045175000.0,0.33371136866879886,0.19065932177549907,1.2356874698963702,0.09520593614533666,0.05575019720948578,0.04527873162996371,4053327000,0.8398708024297078,0.16012919757029226,0.08721113294936213,0.24650023571943674,
CDNS,CADENCE DESIGN SYSTEMS INC,813672,baixo,2024,4641264000,RevenueFromContractWithCustomerExcludingAssessedTax,757483000.0,SellingAndMarketingExpense,,,1350763000,OperatingIncomeLoss,340335000,IncomeTaxExpenseBenefit,1395819000.0,IncomeLossFromContinuingOperationsBeforeIncomeTaxesExtraordinaryItemsNoncontrollingInterest,75999000.0,InterestExpense,196935000.0,DepreciationDepletionAndAmortization,4673578000,StockholdersEquity,,,2476183000.0,UnsecuredLongTermDebt,0.0,UnsecuredDebtCurrent,2644030000.0,CashAndCashEquivalentsAtCarryingValue,8974482000.0,Assets,2024-12-31,2476183000,soma longo + curto prazo,5/5,4641.264,757.483,,1350.763,340.335,1395.819,4673.578,,2476.183,0.0,2476.183,2644.03,75.999,8974.482,196.935,0.0423,0.046,1.05,0.16320618693528316,0.24382459330328646,efetiva,1021413760.875873,4505731000.0,0.226692130727705,0.5298259705946922,1.4706734372325685,0.10995097811269813,0.030691996512374087,0.02320853294507859,7149761000,0.6536691226461976,0.34633087735380247,0.07990939097398236,0.14678273975372264,
CRWD,"CrowdStrike Holdings, Inc.",1535527,alto,2018,118752000,RevenueFromContractWithCustomerIncludingAssessedTax,104277000.0,SellingAndMarketingExpense,58887000.0,ResearchAndDevelopmentExpense,-131440000,OperatingIncomeLoss,929000,IncomeTaxExpenseBenefit,-134561000.0,IncomeLossFromContinuingOperationsBeforeIncomeTaxesExtraordinaryItemsNoncontrollingInterest,1648000.0,InterestExpense,,,-369474000,StockholdersEquityIncludingPortionAttributableToNoncontrollingInterest,,,,,,,,,,,2018-01-31,0,sem dívida divulgada,4/5,118.752,104.277,58.887,-131.44,0.929,-134.561,-369.474,,,,0.0,,1.648,,,0.0291,0.053,1.15,0.878107316087308,0.21,estatutaria,-103837600.0,,,0.0,1.15,0.09004999999999999,0.0,0.0,-369474000,1.0,0.0,0.09004999999999999,,dados insuficientes: caixa ausente
CRWD,"CrowdStrike Holdings, Inc.",1535527,alto,2019,249824000,RevenueFromContractWithCustomerIncludingAssessedTax,172682000.0,SellingAndMarketingExpense,84551000.0,ResearchAndDevelopmentExpense,-136864000,OperatingIncomeLoss,1367000,IncomeTaxExpenseBenefit,-138710000.0,IncomeLossFromContinuingOperationsBeforeIncomeTaxesExtraordinaryItemsNoncontrollingInterest,428000.0,InterestExpense,,,-487793000,StockholdersEquity,,,,,,,,,433219000.0,Assets,2019-01-31,0,sem dívida divulgada,4/5,249.824,172.682,84.551,-136.864,1.367,-138.71,-487.793,,,,0.0,,0.428,433.219,,0.0241,0.056,1.17,0.6912146150890227,0.21,estatutaria,-108122560.0,,,0.0,1.17,0.08961999999999999,0.0,0.0,-487793000,1.0,0.0,0.08961999999999999,,dados insuficientes: caixa ausente
CRWD,"CrowdStrike Holdings, Inc.",1535527,alto,2020,481413000,RevenueFromContractWithCustomerIncludingAssessedTax,266595000.0,SellingAndMarketingExpense,130188000.0,ResearchAndDevelopmentExpense,-146065000,OperatingIncomeLoss,1997000,IncomeTaxExpenseBenefit,-139782000.0,IncomeLossFromContinuingOperationsBeforeIncomeTaxesExtraordinaryItemsNoncontrollingInterest,442000.0,InterestExpense,,,742107000,StockholdersEquity,,,0.0,LongTermDebtNoncurrent,,,,,1404906000.0,Assets,2020-01-31,0,sem dívida divulgada,4/5,481.413,266.595,130.188,-146.065,1.997,-139.782,742.107,,0.0,,0.0,,0.442,1404.906,,0.0093,0.072,1.21,0.5537760716889656,0.21,estatutaria,-115391350.0,,,0.0,1.21,0.09641999999999999,0.0,0.0,742107000,1.0,0.0,0.09641999999999999,,dados insuficientes: caixa ausente
CRWD,"CrowdStrike Holdings, Inc.",1535527,alto,2021,874438000,RevenueFromContractWithCustomerIncludingAssessedTax,401316000.0,SellingAndMarketingExpense,214670000.0,ResearchAndDevelopmentExpense,-92529000,OperatingIncomeLoss,4760000,IncomeTaxExpenseBenefit,-87869000.0,IncomeLossFromContinuingOperationsBeforeIncomeTaxesExtraordinaryItemsNoncontrollingInterest,1559000.0,InterestExpense,,,870574000,StockholdersEquity,,,738029000.0,LongTermDebtNoncurrent,,,1918608000.0,CashAndCashEquivalentsAtCarryingValue,2732533000.0,Assets,2021-01-31,738029000,soma longo + curto prazo,5/5,874.438,401.316,214.67,-92.529,4.76,-87.869,870.574,,738.029,,738.029,1918.608,1.559,2732.533,,0.0148,0.048,1.18,0.458941628794723,0.21,estatutaria,-73097910.0,-310005000.0,,0.8477498753695838,1.970272433819526,0.10937307682333725,0.002112383117736566,0.001668782663011887,1608603000,0.5411987917466273,0.45880120825337267,0.059958216528503305,,capital investido <= 0
CRWD,"CrowdStrike Holdings, Inc.",1535527,alto,2022,1451594000,RevenueFromContractWithCustomerIncludingAssessedTax,616546000.0,SellingAndMarketingExpense,371283000.0,ResearchAndDevelopmentExpense,-142548000,OperatingIncomeLoss,72355000,IncomeTaxExpenseBenefit,-160023000.0,IncomeLossFromContinuingOperationsBeforeIncomeTaxesExtraordinaryItemsNoncontrollingInterest,25231000.0,InterestExpense,,,1025764000,StockholdersEquity,,,739517000.0,LongTermDebtNoncurrent,,,1996633000.0,CashAndCashEquivalentsAtCarryingValue,3618381000.0,Assets,2022-01-31,739517000,soma longo + curto prazo,5/5,1451.594,616.546,371.283,-142.548,72.355,-160.023,1025.764,,739.517,,739.517,1996.633,25.231,3618.381,,0.0296,0.05,1.09,0.4247372199113526,0.21,estatutaria,-112612920.0,-231352000.0,,0.720942633978186,1.7108037021186162,0.11514018510593081,0.034118214997085936,0.02695338984769789,1765281000,0.5810768937070075,0.41892310629299245,0.07819669890232774,,capital investido <= 0
CRWD,"CrowdStrike Holdings, Inc.",1535527,alto,2023,2241236000,RevenueFromContractWithCustomerIncludingAssessedTax,904409000.0,SellingAndMarketingExpense,608364000.0,ResearchAndDevelopmentExpense,-190112000,OperatingIncomeLoss,22402000,IncomeTaxExpenseBenefit,-159883000.0,IncomeLossFromContinuingOperationsBeforeIncomeTaxesExtraordinaryItemsNoncontrollingInterest,25319000.0,InterestExpense,,,1463641000,StockholdersEquity,,,741005000.0,LongTermDebtNoncurrent,,,2455369000.0,CashAndCashEquivalentsAtCarryingValue,5026540000.0,Assets,2023-01-31,741005000,soma longo + curto prazo,5/5,2241.236,904.409,608.364,-190.112,22.402,-159.883,1463.641,,741.005,,741.005,2455.369,25.319,5026.54,,0.0396,0.045,1.07,0.40353135502017634,0.21,estatutaria,-150188480.0,-250723000.0,,0.5062751043459428,1.4979543457036255,0.10700794555666315,0.03416846040175168,0.026993083717383827,2204646000,0.6638893500362416,0.33611064996375833,0.08011409833710265,,capital investido <= 0
CRWD,"CrowdStrike Holdings, Inc.",1535527,alto,2024,3055555000,RevenueFromContractWithCustomerIncludingAssessedTax,1140275000.0,SellingAndMarketingExpense,780319000.0,ResearchAndDevelopmentExpense,-19141000,OperatingIncomeLoss,32232000,IncomeTaxExpenseBenefit,105671000.0,IncomeLossFromContinuingOperationsBeforeIncomeTaxesExtraordinaryItemsNoncontrollingInterest,25756000.0,InterestExpense,,,2303950000,StockholdersEquity,,,742494000.0,LongTermDebtNoncurrent,,,3375069000.0,CashAndCashEquivalentsAtCarryingValue,6646520000.0,Assets,2024-01-31,742494000,soma longo + curto prazo,5/5,3055.555,1140.275,780.319,-19.141,32.232,105.671,2303.95,,742.494,,742.494,3375.069,25.756,6646.52,,0.0423,0.046,1.05,0.3731809769419958,0.3050221915189598,efetiva,-13302570.23213559,-328625000.0,,0.3222700145402461,1.28516903386655,0.1014177755578613,0.03468849579929265,0.024107734790096175,3046444000,0.7562751851010555,0.2437248148989445,0.08257540018190788,,capital investido <= 0
DDOG,"Datadog, Inc.",1561550,alto,2017,100761000,RevenueFromContractWithCustomerExcludingAssessedTax,44213000.0,SellingAndMarketingExpense,24734000.0,ResearchAndDevelopmentExpense,-2956000,OperatingIncomeLoss,457000,IncomeTaxExpenseBenefit,-2113000.0,IncomeLossFromContinuingOperationsBeforeIncomeTaxesExtraordinaryItemsNoncontrollingInterest,,,2200000.0,DepreciationDepletionAndAmortization,-75701000,StockholdersEquity,,,,,,,60024000.0,CashAndCashEquivalentsAtCarryingValue,,,2017-12-31,0,sem dívida divulgada,5/5,100.761,44.213,24.734,-2.956,0.457,-2.113,-75.701,,,,0.0,60.024,,,2.2,0.0233,0.057,1.11,0.4387908019968043,0.35,estatutaria,-1921400.0,-135725000.0,,0.0,1.11,0.08657000000000001,0.0,0.0,-75701000,1.0,0.0,0.08657000000000001,,capital investido <= 0
DDOG,"Datadog, Inc.",1561550,alto,2018,198077000,RevenueFromContractWithCustomerExcludingAssessedTax,88849000.0,SellingAndMarketingExpense,55176000.0,ResearchAndDevelopmentExpense,-11033000,OperatingIncomeLoss,522000,IncomeTaxExpenseBenefit,-10240000.0,IncomeLossFromContinuingOperationsBeforeIncomeTaxesExtraordinaryItemsNoncontrollingInterest,,,5500000.0,DepreciationDepletionAndAmortization,-76041000,StockholdersEquity,,,,,,,53639000.0,CashAndCashEquivalentsAtCarryingValue,179750000.0,Assets,2018-12-31,0,sem dívida divulgada,5/5,198.077,88.849,55.176,-11.033,0.522,-10.24,-76.041,,,,0.0,53.639,,179.75,5.5,0.0291,0.053,1.15,0.44855788405519065,0.21,estatutaria,-8716070.0,-129680000.0,,0.0,1.15,0.09004999999999999,0.0,0.0,-76041000,1.0,0.0,0.09004999999999999,,capital investido <= 0
DDOG,"Datadog, Inc.",1561550,alto,2019,362780000,RevenueFromContractWithCustomerExcludingAssessedTax,146657000.0,SellingAndMarketingExpense,111425000.0,ResearchAndDevelopmentExpense,-20140000,OperatingIncomeLoss,734000,IncomeTaxExpenseBenefit,-15976000.0,IncomeLossFromContinuingOperationsBeforeIncomeTaxesExtraordinaryItemsNoncontrollingInterest,32000.0,InterestExpense,11600000.0,DepreciationDepletionAndAmortization,782341000,StockholdersEquity,,,,,,,597297000.0,CashAndCashEquivalentsAtCarryingValue,1038041000.0,Assets,2019-12-31,0,sem dívida divulgada,5/5,362.78,146.657,111.425,-20.14,0.734,-15.976,782.341,,,,0.0,597.297,0.032,1038.041,11.6,0.0241,0.056,1.17,0.40425877942554717,0.21,estatutaria,-15910600.0,185044000.0,-0.08598279328159789,0.0,1.17,0.08961999999999999,0.0,0.0,782341000,1.0,0.0,0.08961999999999999,-0.1756027932815979,
DDOG,"Datadog, Inc.",1561550,alto,2020,603466000,RevenueFromContractWithCustomerExcludingAssessedTax,213660000.0,SellingAndMarketingExpense,210626000.0,ResearchAndDevelopmentExpense,-13773000,OperatingIncomeLoss,2325000,IncomeTaxExpenseBenefit,-22222000.0,IncomeLossFromContinuingOperationsBeforeIncomeTaxesExtraordinaryItemsNoncontrollingInterest,30434000.0,InterestExpense,14500000.0,DepreciationDepletionAndAmortization,957432000,StockholdersEquity,,,575864000.0,ConvertibleLongTermNotesPayable,,,224927000.0,CashAndCashEquivalentsAtCarryingValue,1890285000.0,Assets,2020-12-31,575864000,soma longo + curto prazo,5/5,603.466,213.66,210.626,-13.773,2.325,-22.222,957.432,,575.864,,575.864,224.927,30.434,1890.285,14.5,0.0093,0.072,1.21,0.354054743763526,0.21,estatutaria,-10880670.0,1308369000.0,-0.00831620895939907,0.6014672582491498,1.7849425521603624,0.13781586375554608,0.05284928385868886,0.0417509342483642,1533296000,0.6244273773622314,0.3755726226377686,0.10173650623702142,-0.11005271519642049,
DDOG,"Datadog, Inc.",1561550,alto,2021,1028784000,RevenueFromContractWithCustomerExcludingAssessedTax,299497000.0,SellingAndMarketingExpense,419769000.0,ResearchAndDevelopmentExpense,-19156000,OperatingIncomeLoss,2323000,IncomeTaxExpenseBenefit,-18422000.0,IncomeLossFromContinuingOperationsBeforeIncomeTaxesExtraordinaryItemsNoncontrollingInterest,21052000.0,InterestExpense,18500000.0,DepreciationDepletionAndAmortization,1041203000,StockholdersEquity,,,735482000.0,ConvertibleLongTermNotesPayable,,,270973000.0,CashAndCashEquivalentsAtCarryingValue,2380794000.0,Assets,2021-12-31,735482000,soma longo + curto prazo,5/5,1028.784,299.497,419.769,-19.156,2.323,-18.422,1041.203,,735.482,,735.482,270.973,21.052,2380.794,18.5,0.0148,0.048,1.18,0.2911174746108027,0.21,estatutaria,-15133240.0,1505712000.0,-0.010050554156438947,0.7063771425937113,1.8384847723258575,0.10304726907164116,0.028623406147261252,0.02261249085633639,1776685000,0.5860369170674599,0.4139630829325401,0.06975024030663848,-0.07980079446307743,
DDOG,"Datadog, Inc.",1561550,alto,2022,1675100000,RevenueFromContractWithCustomerExcludingAssessedTax,495288000.0,SellingAndMarketingExpense,752351000.0,ResearchAndDevelopmentExpense,-58695000,OperatingIncomeLoss,12090000,IncomeTaxExpenseBenefit,-38070000.0,IncomeLossFromContinuingOperationsBeforeIncomeTaxesExtraordinaryItemsNoncontrollingInterest,16535000.0,InterestExpense,27000000.0,DepreciationDepletionAndAmortization,1410505000,StockholdersEquity,,,738847000.0,ConvertibleLongTermNotesPayable,,,338985000.0,CashAndCashEquivalentsAtCarryingValue,3004852000.0,Assets,2022-12-31,738847000,soma longo + curto prazo,5/5,1675.1,495.288,752.351,-58.695,12.09,-38.07,1410.505,,738.847,,738.847,338.985,16.535,3004.852,27.0,0.0296,0.05,1.09,0.2956766760193421,0.21,estatutaria,-46369050.0,1810367000.0,-0.025613066300921306,0.5238173561951216,1.5410591254196193,0.10665295627098097,0.022379464219249724,0.017679776733207284,2149352000,0.6562466268903372,0.3437533731096628,0.07606812568857962,-0.10168119198950093,
DDOG,"Datadog, Inc.",1561550,alto,2023,2128359000,RevenueFromContractWithCustomerExcludingAssessedTax,609276000.0,SellingAndMarketingExpense,962447000.0,ResearchAndDevelopmentExpense,-33464000,OperatingIncomeLoss,11667000,IncomeTaxExpenseBenefit,60235000.0,IncomeLossFromContinuingOperationsBeforeIncomeTaxesExtraordinaryItemsNoncontrollingInterest,6302000.0,InterestExpense,35600000.0,DepreciationDepletionAndAmortization,2025354000,StockholdersEquity,,,742235000.0,ConvertibleLongTermNotesPayable,0.0,ConvertibleNotesPayableCurrent,330339000.0,CashAndCashEquivalentsAtCarryingValue,3936072000.0,Assets,2023-12-31,742235000,soma longo + curto prazo,5/5,2128.359,609.276,962.447,-33.464,11.667,60.235,2025.354,,742.235,0.0,742.235,330.339,6.302,3936.072,35.6,0.0396,0.045,1.07,0.28626561590408384,0.19369137544616918,efetiva,-26982311.812069394,2437250000.0,-0.011070801851295269,0.3664717377801609,1.3861735754252897,0.10197781089413804,0.008490572392840543,0.0068460217477459865,2767589000,0.7318116960285649,0.26818830397143506,0.07646457770919898,-0.08753537956049426,
DDOG,"Datadog, Inc.",1561550,alto,2024,2684275000,RevenueFromContractWithCustomerExcludingAssessedTax,756605000.0,SellingAndMarketingExpense,1152703000.0,ResearchAndDevelopmentExpense,54284000,OperatingIncomeLoss,20194000,IncomeTaxExpenseBenefit,203940000.0,IncomeLossFromContinuingOperationsBeforeIncomeTaxesExtraordinaryItemsNoncontrollingInterest,7068000.0,InterestExpenseNonoperating,48500000.0,DepreciationDepletionAndAmortization,2714363000,StockholdersEquity,,,979282000.0,ConvertibleLongTermNotesPayable,634023000.0,ConvertibleNotesPayableCurrent,1246983000.0,CashAndCashEquivalentsAtCarryingValue,5785339000.0,Assets,2024-12-31,1613305000,soma longo + curto prazo,5/5,2684.275,756.605,1152.703,54.284,20.194,203.94,2714.363,,979.282,634.023,1613.305,1246.983,7.068,5785.339,48.5,0.0423,0.046,1.05,0.28186568067727785,0.09901931940766892,efetiva,48908835.2652741,3080685000.0,0.015875961114256765,0.5943586027366273,1.6122808993300313,0.11646492136918143,0.00438106867579286,0.003947258237237594,4327668000,0.62721146816253,0.37278853183746996,0.07451962692444107,-0.058643665810184306,
DT,"Dynatrace, Inc.",1773383,medio,2018,398047000,RevenueFromContractWithCustomerExcludingAssessedTax,145350000.0,SellingAndMarketingExpense,58320000.0,ResearchAndDevelopmentExpense,-21759000,OperatingIncomeLoss,-60997000,IncomeTaxExpenseBenefit,-51775000.0,IncomeLossFromContinuingOperationsBeforeIncomeTaxesMinorityInterestAndIncomeLossFromEquityMethodInvestments,,,8800000.0,DepreciationDepletionAndAmortization,-268690000,StockholdersEquity,,,,,,,,,,,2018-03-31,0,sem dívida divulgada,4/5,398.047,145.35,58.32,-21.759,-60.997,-51.775,-268.69,,,,0.0,,,,8.8,0.0291,0.053,1.15,0.36515788336553223,0.21,estatutaria,-17189610.0,,,0.0,1.15,0.09004999999999999,0.0,0.0,-268690000,1.0,0.0,0.09004999999999999,,dados insuficientes: caixa ausente
DT,"Dynatrace, Inc.",1773383,medio,2019,430966000,RevenueFromContractWithCustomerExcludingAssessedTax,178886000.0,SellingAndMarketingExpense,76759000.0,ResearchAndDevelopmentExpense,-72707000,OperatingIncomeLoss,-23717000,IncomeTaxExpenseBenefit,-139911000.0,IncomeLossFromContinuingOperationsBeforeIncomeTaxesMinorityInterestAndIncomeLossFromEquityMethodInvestments,69845000.0,ajuste manual (10-K),7300000.0,DepreciationDepletionAndAmortization,-390258000,StockholdersEquity,,,1011793000.0,LongTermDebtNoncurrent,9500000.0,LongTermDebtCurrent,51314000.0,CashAndCashEquivalentsAtCarryingValue,1811366000.0,Assets,2019-03-31,1021293000,soma longo + curto prazo,5/5,430.966,178.886,76.759,-72.707,-23.717,-139.911,-390.258,,1011.793,9.5,1021.293,51.314,69.845,1811.366,7.3,0.0241,0.056,1.17,0.41508146814365865,0.21,estatutaria,-57438530.0,579721000.0,-0.09907960898432176,0.0,1.17,0.08961999999999999,0.06838879733827609,0.054027149897238114,631035000,1.0,0.0,0.08961999999999999,-0.18869960898432175,
DT,"Dynatrace, Inc.",1773383,medio,2020,545803000,RevenueFromContractWithCustomerExcludingAssessedTax,266175000.0,SellingAndMarketingExpense,119281000.0,ResearchAndDevelopmentExpense,-171939000,OperatingIncomeLoss,195284000,IncomeTaxExpenseBenefit,-218533000.0,IncomeLossFromContinuingOperationsBeforeIncomeTaxesExtraordinaryItemsNoncontrollingInterest,45397000.0,ajuste manual (10-K),7900000.0,DepreciationDepletionAndAmortization,965704000,StockholdersEquity,509985000.0,LongTermDebt,509985000.0,LongTermDebtNoncurrent,0.0,LongTermDebtCurrent,213170000.0,CashAndCashEquivalentsAtCarryingValue,2046877000.0,Assets,2020-03-31,509985000,conceito de dívida total,5/5,545.803,266.175,119.281,-171.939,195.284,-218.533,965.704,509.985,509.985,0.0,509.985,213.17,45.397,2046.877,7.9,0.0093,0.072,1.21,0.48767595634322275,0.21,estatutaria,-135831810.0,1262519000.0,-0.10758793333011225,0.5280966010288867,1.7148075409235126,0.1327661429464929,0.08901634361794955,0.07032291145818015,1475689000,0.6544088896779742,0.34559111032202583,0.1111863172443516,-0.21877425057446387,
DT,"Dynatrace, Inc.",1773383,medio,2021,703509000,RevenueFromContractWithCustomerExcludingAssessedTax,245487000.0,SellingAndMarketingExpense,111415000.0,ResearchAndDevelopmentExpense,91896000,OperatingIncomeLoss,2139000,IncomeTaxExpenseBenefit,77853000.0,IncomeLossFromContinuingOperationsBeforeIncomeTaxesExtraordinaryItemsNoncontrollingInterest,14205000.0,ajuste manual (10-K),9000000.0,DepreciationDepletionAndAmortization,1113601000,StockholdersEquity,391913000.0,LongTermDebt,391913000.0,LongTermDebtNoncurrent,0.0,LongTermDebtCurrent,324962000.0,CashAndCashEquivalentsAtCarryingValue,2256218000.0,Assets,2021-03-31,391913000,conceito de dívida total,5/5,703.509,245.487,111.415,91.896,2.139,77.853,1113.601,391.913,391.913,0.0,391.913,324.962,14.205,2256.218,9.0,0.0148,0.048,1.18,0.348946495354004,0.027474856460252012,efetiva,89371170.59072867,1180552000.0,0.0757028666172508,0.35193305322103696,1.5838712168582014,0.09082581840919368,0.036245289133047386,0.035249455016756574,1505514000,0.7396815971156695,0.26031840288433056,0.07635826825275528,-0.0006554016355044823,
DT,"Dynatrace, Inc.",1773383,medio,2022,929445000,RevenueFromContractWithCustomerExcludingAssessedTax,362116000.0,SellingAndMarketingExpense,156342000.0,ResearchAndDevelopmentExpense,81307000,OperatingIncomeLoss,19208000,IncomeTaxExpenseBenefit,71659000.0,IncomeLossFromContinuingOperationsBeforeIncomeTaxesExtraordinaryItemsNoncontrollingInterest,10400000.0,InterestExpense,10600000.0,DepreciationDepletionAndAmortization,1304446000,StockholdersEquity,273918000.0,LongTermDebt,273918000.0,LongTermDebtNoncurrent,0.0,LongTermDebtCurrent,462967000.0,CashAndCashEquivalentsAtCarryingValue,2541310000.0,Assets,2022-03-31,273918000,conceito de dívida total,5/5,929.445,362.116,156.342,81.307,19.208,71.659,1304.446,273.918,273.918,0.0,273.918,462.967,10.4,2541.31,10.6,0.0296,0.05,1.09,0.38960454895125585,0.2680472794764091,efetiva,59512879.847611606,1115397000.0,0.05335578260261737,0.20998799490358358,1.2575343997201995,0.09247671998600998,0.037967566936090366,0.027790463910532883,1578364000,0.826454480715475,0.173545519284525,0.08125071008481956,-0.027894927482202188,
DT,"Dynatrace, Inc.",1773383,medio,2023,1158530000,RevenueFromContractWithCustomerExcludingAssessedTax,448015000.0,SellingAndMarketingExpense,218349000.0,ResearchAndDevelopmentExpense,92811000,OperatingIncomeLoss,-17992000,IncomeTaxExpenseBenefit,89967000.0,IncomeLossFromContinuingOperationsBeforeIncomeTaxesExtraordinaryItemsNoncontrollingInterest,8600000.0,InterestExpense,12500000.0,DepreciationDepletionAndAmortization,1604869000,StockholdersEquity,,,0.0,LongTermDebtNoncurrent,,,555348000.0,CashAndCashEquivalentsAtCarryingValue,2765347000.0,Assets,2023-03-31,0,sem dívida divulgada,5/5,1158.53,448.015,218.349,92.811,-17.992,89.967,1604.869,,0.0,,0.0,555.348,8.6,2765.347,12.5,0.0396,0.045,1.07,0.3867098823509102,0.0,efetiva_limitada,92811000.0,1049521000.0,0.08843177030283339,0.0,1.07,0.08775,0.0,0.0,1604869000,1.0,0.0,0.08775,0.0006817703028333955,
DT,"Dynatrace, Inc.",1773383,medio,2024,1430530000,RevenueFromContractWithCustomerExcludingAssessedTax,534233000.0,SellingAndMarketingExpense,304739000.0,ResearchAndDevelopmentExpense,128400000,OperatingIncomeLoss,283000,IncomeTaxExpenseBenefit,154915000.0,IncomeLossFromContinuingOperationsBeforeIncomeTaxesExtraordinaryItemsNoncontrollingInterest,1400000.0,InterestExpense,,,2015490000,StockholdersEquity,,,,,,,778983000.0,CashAndCashEquivalentsAtCarryingValue,3409779000.0,Assets,2024-03-31,0,sem dívida divulgada,5/5,1430.53,534.233,304.739,128.4,0.283,154.915,2015.49,,,,0.0,778.983,1.4,3409.779,,0.0423,0.046,1.05,0.3734510985438963,0.0018268082496853113,efetiva,128165437.82074042,1236507000.0,0.10365120280009771,0.0,1.05,0.0906,0.0,0.0,2015490000,1.0,0.0,0.0906,0.013051202800097708,
ESTC,Elastic N.V.,1707753,alto,2017,88177000,RevenueFromContractWithCustomerExcludingAssessedTax,56612000.0,SellingAndMarketingExpense,32601000.0,ResearchAndDevelopmentExpense,-47172000,OperatingIncomeLoss,4213000,IncomeTaxExpenseBenefit,-47755000.0,IncomeLossFromContinuingOperationsBeforeIncomeTaxesExtraordinaryItemsNoncontrollingInterest,,,3150000.0,DepreciationDepletionAndAmortization,-128538000,StockholdersEquity,,,,,,,,,,,2017-04-30,0,sem dívida divulgada,4/5,88.177,56.612,32.601,-47.172,4.213,-47.755,-128.538,,,,0.0,,,,3.15,0.0233,0.057,1.11,0.6420268323939349,0.35,estatutaria,-30661800.0,,,0.0,1.11,0.08657000000000001,0.0,0.0,-128538000,1.0,0.0,0.08657000000000001,,dados insuficientes: caixa ausente
ESTC,Elastic N.V.,1707753,alto,2018,159935000,RevenueFromContractWithCustomerExcludingAssessedTax,82606000.0,SellingAndMarketingExpense,55641000.0,ResearchAndDevelopmentExpense,-47994000,OperatingIncomeLoss,3376000,IncomeTaxExpenseBenefit,-49351000.0,IncomeLossFromContinuingOperationsBeforeIncomeTaxesExtraordinaryItemsNoncontrollingInterest,,,5066000.0,DepreciationDepletionAndAmortization,-153529000,StockholdersEquity,,,,,,,50941000.0,CashAndCashEquivalentsAtCarryingValue,183013000.0,Assets,2018-04-30,0,sem dívida divulgada,5/5,159.935,82.606,55.641,-47.994,3.376,-49.351,-153.529,,,,0.0,50.941,,183.013,5.066,0.0291,0.053,1.15,0.5164973270391097,0.21,estatutaria,-37915260.0,-204470000.0,,0.0,1.15,0.09004999999999999,0.0,0.0,-153529000,1.0,0.0,0.09004999999999999,,capital investido <= 0
ESTC,Elastic N.V.,1707753,alto,2019,271653000,RevenueFromContractWithCustomerExcludingAssessedTax,147296000.0,SellingAndMarketingExpense,101167000.0,ResearchAndDevelopmentExpense,-101356000,OperatingIncomeLoss,4388000,IncomeTaxExpenseBenefit,-97915000.0,IncomeLossFromContinuingOperationsBeforeIncomeTaxesExtraordinaryItemsNoncontrollingInterest,,,5695000.0,DepreciationDepletionAndAmortization,263012000,StockholdersEquity,,,,,,,298000000.0,CashAndCashEquivalentsAtCarryingValue,485738000.0,Assets,2019-04-30,0,sem dívida divulgada,5/5,271.653,147.296,101.167,-101.356,4.388,-97.915,263.012,,,,0.0,298.0,,485.738,5.695,0.0241,0.056,1.17,0.5422211424132993,0.21,estatutaria,-80071240.0,-34988000.0,,0.0,1.17,0.08961999999999999,0.0,0.0,263012000,1.0,0.0,0.08961999999999999,,capital investido <= 0
ESTC,Elastic N.V.,1707753,alto,2020,427620000,RevenueFromContractWithCustomerExcludingAssessedTax,219040000.0,SellingAndMarketingExpense,165370000.0,ResearchAndDevelopmentExpense,-171105000,OperatingIncomeLoss,-1968000,IncomeTaxExpenseBenefit,-169142000.0,IncomeLossFromContinuingOperationsBeforeIncomeTaxesExtraordinaryItemsNoncontrollingInterest,0.0,InterestExpense,,,413647000,StockholdersEquity,,,,,,,297081000.0,CashAndCashEquivalentsAtCarryingValue,803911000.0,Assets,2020-04-30,0,sem dívida divulgada,5/5,427.62,219.04,165.37,-171.105,-1.968,-169.142,413.647,,,,0.0,297.081,0.0,803.911,,0.0093,0.072,1.21,0.5122304850100556,0.21,estatutaria,-135172950.0,116566000.0,-1.159625877185457,0.0,1.21,0.09641999999999999,0.0,0.0,413647000,1.0,0.0,0.09641999999999999,-1.256045877185457,
ESTC,Elastic N.V.,1707753,alto,2021,608489000,RevenueFromContractWithCustomerExcludingAssessedTax,273877000.0,SellingAndMarketingExpense,199203000.0,ResearchAndDevelopmentExpense,-129478000,OperatingIncomeLoss,7720000,IncomeTaxExpenseBenefit,-121714000.0,IncomeLossFromContinuingOperationsBeforeIncomeTaxesExtraordinaryItemsNoncontrollingInterest,185000.0,InterestExpense,,,450831000,StockholdersEquity,0.0,LongTermDebt,,,,,400814000.0,CashAndCashEquivalentsAtCarryingValue,973172000.0,Assets,2021-04-30,0,sem dívida divulgada,5/5,608.489,273.877,199.203,-129.478,7.72,-121.714,450.831,0.0,,,0.0,400.814,0.185,973.172,,0.0148,0.048,1.18,0.4500935924889357,0.21,estatutaria,-102287620.0,50017000.0,-2.0450570805925987,0.0,1.18,0.07144,0.0,0.0,450831000,1.0,0.0,0.07144,-2.1164970805925987,
ESTC,Elastic N.V.,1707753,alto,2022,862374000,RevenueFromContractWithCustomerExcludingAssessedTax,406658000.0,SellingAndMarketingExpense,273761000.0,ResearchAndDevelopmentExpense,-173680000,OperatingIncomeLoss,6059000,IncomeTaxExpenseBenefit,-197789000.0,IncomeLossFromContinuingOperationsBeforeIncomeTaxesExtraordinaryItemsNoncontrollingInterest,20716000.0,InterestExpense,,,415433000,StockholdersEquity,566520000.0,LongTermDebt,,,,,860949000.0,CashAndCashEquivalentsAtCarryingValue,1642931000.0,Assets,2022-04-30,566520000,conceito de dívida total,5/5,862.374,406.658,273.761,-173.68,6.059,-197.789,415.433,566.52,,,566.52,860.949,20.716,1642.931,,0.0296,0.05,1.09,0.47155642447476387,0.21,estatutaria,-137207200.0,121004000.0,-1.1339063171465407,1.3636856003254436,2.26426967044024,0.142813483522012,0.03656711148767917,0.028888018075266544,981953000,0.4230681101844997,0.5769318898155004,0.07708624944371067,-1.2109925665902512,
ESTC,Elastic N.V.,1707753,alto,2023,1068989000,RevenueFromContractWithCustomerExcludingAssessedTax,503537000.0,SellingAndMarketingExpense,313454000.0,ResearchAndDevelopmentExpense,-219172000,OperatingIncomeLoss,19284000,IncomeTaxExpenseBenefit,-216877000.0,IncomeLossFromContinuingOperationsBeforeIncomeTaxesExtraordinaryItemsNoncontrollingInterest,25159000.0,InterestExpense,,,398897000,StockholdersEquity,567543000.0,LongTermDebt,,,,,644167000.0,CashAndCashEquivalentsAtCarryingValue,1743482000.0,Assets,2023-04-30,567543000,conceito de dívida total,5/5,1068.989,503.537,313.454,-219.172,19.284,-216.877,398.897,567.543,,,567.543,644.167,25.159,1743.482,,0.0396,0.045,1.07,0.471040394241662,0.21,estatutaria,-173145880.0,322273000.0,-0.5372646172654861,1.4227808181059272,2.27267662554494,0.1418704481495223,0.04432968074665708,0.0350204477898591,966440000,0.4127488514548239,0.5872511485451761,0.07912266271625759,-0.6163872799817437,
ESTC,Elastic N.V.,1707753,alto,2024,1267321000,RevenueFromContractWithCustomerExcludingAssessedTax,559648000.0,SellingAndMarketingExpense,341951000.0,ResearchAndDevelopmentExpense,-129902000,OperatingIncomeLoss,-184476000,IncomeTaxExpenseBenefit,-122756000.0,IncomeLossFromContinuingOperationsBeforeIncomeTaxesExtraordinaryItemsNoncontrollingInterest,26132000.0,InterestExpense,,,738185000,StockholdersEquity,568612000.0,LongTermDebt,,,,,540397000.0,CashAndCashEquivalentsAtCarryingValue,2242566000.0,Assets,2024-04-30,568612000,conceito de dívida total,5/5,1267.321,559.648,341.951,-129.902,-184.476,-122.756,738.185,568.612,,,568.612,540.397,26.132,2242.566,,0.0423,0.046,1.05,0.4415992475465963,0.21,estatutaria,-102622580.0,766400000.0,-0.13390211377870564,0.7702838719291235,1.6889504717652082,0.11999172170119957,0.04595752463894536,0.036306444464766836,1306797000,0.564881155986737,0.43511884401326295,0.08357868060915352,-0.21748079438785917,
FIVN,"Five9, Inc.",1288847,medio,2015,128868000,SalesRevenueNet,42042000.0,SellingAndMarketingExpense,22659000.0,ResearchAndDevelopmentExpense,-21150000,OperatingIncomeLoss,61000,IncomeTaxExpenseBenefit,-25777000.0,IncomeLossFromContinuingOperationsBeforeIncomeTaxesExtraordinaryItemsNoncontrollingInterest,4727000.0,InterestExpense,7388000.0,DepreciationDepletionAndAmortization,26280000,StockholdersEquity,37039000.0,LongTermDebt,17327000.0,LongTermDebtNoncurrent,19712000.0,LongTermDebtCurrent,58484000.0,CashAndCashEquivalentsAtCarryingValue,99233000.0,Assets,2015-12-31,37039000,conceito de dívida total,5/5,128.868,42.042,22.659,-21.15,0.061,-25.777,26.28,37.039,17.327,19.712,37.039,58.484,4.727,99.233,7.388,0.0221,0.058,1.04,0.32624080454418475,0.35,estatutaria,-13747500.0,4835000.0,-2.843329886246122,1.4093987823439877,1.9927535768645357,0.1376797074581431,0.12762223602149086,0.08295445341396906,63319000,0.4150412988202593,0.5849587011797407,0.10566769393073171,-2.9489975801768535,
FIVN,"Five9, Inc.",1288847,medio,2016,162090000,RevenueFromContractWithCustomerExcludingAssessedTax,52748000.0,SellingAndMarketingExpense,23878000.0,ResearchAndDevelopmentExpense,-6542000,OperatingIncomeLoss,54000,IncomeTaxExpenseBenefit,-11806000.0,IncomeLossFromContinuingOperationsBeforeIncomeTaxesExtraordinaryItemsNoncontrollingInterest,4226000.0,InterestExpense,8390000.0,DepreciationDepletionAndAmortization,30328000,StockholdersEquity,33654000.0,LongTermDebt,32912000.0,LongTermDebtNoncurrent,742000.0,LongTermDebtCurrent,58122000.0,CashAndCashEquivalentsAtCarryingValue,105239000.0,Assets,2016-12-31,33654000,conceito de dívida total,5/5,162.09,52.748,23.878,-6.542,0.054,-11.806,30.328,33.654,32.912,0.742,33.654,58.122,4.226,105.239,8.39,0.0184,0.062,1.1,0.32542414707878337,0.35,estatutaria,-4252300.0,5860000.0,-0.7256484641638226,1.1096676338696914,1.8934123582168296,0.13579156620944344,0.12557199738515482,0.08162179830035063,63982000,0.47400831483854833,0.5259916851614517,0.10729871870213498,-0.8329471828659576,
FIVN,"Five9, Inc.",1288847,medio,2017,200225000,RevenueFromContractWithCustomerExcludingAssessedTax,66570000.0,SellingAndMarketingExpense,27120000.0,ResearchAndDevelopmentExpense,-5720000,OperatingIncomeLoss,268000,IncomeTaxExpenseBenefit,-8701000.0,IncomeLossFromContinuingOperationsBeforeIncomeTaxesExtraordinaryItemsNoncontrollingInterest,3471000.0,InterestExpense,8314000.0,DepreciationDepletionAndAmortization,46838000,StockholdersEquity,32930000.0,LongTermDebt,32594000.0,LongTermDebtNoncurrent,336000.0,LongTermDebtCurrent,68947000.0,CashAndCashEquivalentsAtCarryingValue,128196000.0,Assets,2017-12-31,32930000,conceito de dívida total,5/5,200.225,66.57,27.12,-5.72,0.268,-8.701,46.838,32.93,32.594,0.336,32.93,68.947,3.471,128.196,8.314,0.0233,0.057,1.11,0.33247596453989264,0.35,estatutaria,-3718000.0,10821000.0,-0.3435911653266796,0.7030616166360647,1.617258956402921,0.1154837605149665,0.10540540540540541,0.06851351351351352,79768000,0.5871778156654297,0.41282218433457024,0.09609340054909238,-0.439684565875772,
FIVN,"Five9, Inc.",1288847,medio,2018,257664000,RevenueFromContractWithCustomerExcludingAssessedTax,72001000.0,SellingAndMarketingExpense,34172000.0,ResearchAndDevelopmentExpense,7009000,OperatingIncomeLoss,300000,IncomeTaxExpenseBenefit,79000.0,IncomeLossFromContinuingOperationsBeforeIncomeTaxesExtraordinaryItemsNoncontrollingInterest,10245000.0,InterestExpense,10274000.0,DepreciationDepletionAndAmortization,142748000,StockholdersEquity,196763000.0,LongTermDebt,196763000.0,LongTermDebtNoncurrent,0.0,LongTermDebtCurrent,81912000.0,CashAndCashEquivalentsAtCarryingValue,394666000.0,Assets,2018-12-31,196763000,conceito de dívida total,5/5,257.664,72.001,34.172,7.009,0.3,0.079,142.748,196.763,196.763,0.0,196.763,81.912,10.245,394.666,10.274,0.0291,0.053,1.15,0.27943756209637355,1.0,efetiva_limitada,0.0,257599000.0,0.0,1.3783940930871186,1.15,0.09004999999999999,0.05206771598318789,0.0,339511000,0.42045176739487083,0.5795482326051291,0.037861681653908116,-0.037861681653908116,
FIVN,"Five9, Inc.",1288847,medio,2019,328006000,RevenueFromContractWithCustomerExcludingAssessedTax,95592000.0,SellingAndMarketingExpense,45190000.0,ResearchAndDevelopmentExpense,3267000,OperatingIncomeLoss,104000,IncomeTaxExpenseBenefit,-4448000.0,IncomeLossFromContinuingOperationsBeforeIncomeTaxesExtraordinaryItemsNoncontrollingInterest,13794000.0,InterestExpense,14374000.0,DepreciationDepletionAndAmortization,196458000,StockholdersEquity,258750000.0,DebtInstrumentCarryingAmount,209604000.0,ConvertibleDebtNoncurrent,,,77976000.0,CashAndCashEquivalentsAtCarryingValue,482380000.0,Assets,2019-12-31,258750000,conceito de dívida total,5/5,328.006,95.592,45.19,3.267,0.104,-4.448,196.458,258.75,209.604,,258.75,77.976,13.794,482.38,14.374,0.0241,0.056,1.17,0.2914336932860984,0.21,estatutaria,2580930.0,377232000.0,0.0068417578572337445,1.3170754054301683,2.3873727972391046,0.15779287664538988,0.05331014492753623,0.04211501449275362,455208000,0.4315785311330205,0.5684214688669795,0.09203909632519641,-0.08519733846796267,
FIVN,"Five9, Inc.",1288847,medio,2020,434908000,RevenueFromContractWithCustomerExcludingAssessedTax,132413000.0,SellingAndMarketingExpense,68747000.0,ResearchAndDevelopmentExpense,-12305000,OperatingIncomeLoss,-2453000,IncomeTaxExpenseBenefit,-44583000.0,IncomeLossFromContinuingOperationsBeforeIncomeTaxesExtraordinaryItemsNoncontrollingInterest,28348000.0,InterestExpense,25087000.0,DepreciationDepletionAndAmortization,279164000,StockholdersEquity,806400000.0,DebtInstrumentCarryingAmount,643316000.0,ConvertibleDebtNoncurrent,,,220372000.0,CashAndCashEquivalentsAtCarryingValue,1063742000.0,Assets,2020-12-31,806400000,conceito de dívida total,5/5,434.908,132.413,68.747,-12.305,-2.453,-44.583,279.164,806.4,643.316,,806.4,220.372,28.348,1063.742,25.087,0.0093,0.072,1.21,0.3044620931323406,0.21,estatutaria,-9720950.0,865192000.0,-0.011235598572340012,2.888624607757447,3.9712362625553435,0.2952290109039847,0.03515376984126984,0.027771478174603174,1085564000,0.2571603332461283,0.7428396667538717,0.09655094642047819,-0.1077865449928182,
FIVN,"Five9, Inc.",1288847,medio,2021,609591000,RevenueFromContractWithCustomerExcludingAssessedTax,193929000.0,SellingAndMarketingExpense,106897000.0,ResearchAndDevelopmentExpense,-56250000,OperatingIncomeLoss,-11285000,IncomeTaxExpenseBenefit,-64285000.0,IncomeLossFromContinuingOperationsBeforeIncomeTaxesExtraordinaryItemsNoncontrollingInterest,8027000.0,InterestExpense,38732000.0,DepreciationDepletionAndAmortization,211132000,StockholdersEquity,781700000.0,DebtInstrumentCarryingAmount,768599000.0,ConvertibleDebtNoncurrent,0.0,ConvertibleDebtCurrent,90878000.0,CashAndCashEquivalentsAtCarryingValue,1192942000.0,Assets,2021-12-31,781700000,conceito de dívida total,5/5,609.591,193.929,106.897,-56.25,-11.285,-64.285,211.132,781.7,768.599,0.0,781.7,90.878,8.027,1192.942,38.732,0.0148,0.048,1.18,0.31812969679670466,0.21,estatutaria,-44437500.0,901954000.0,-0.04926803362477466,3.7024231286588485,4.631398840535779,0.2371071443457174,0.010268645260330049,0.00811222975566074,992832000,0.21265632050538258,0.7873436794946174,0.056809445706826535,-0.1060774793316012,
FIVN,"Five9, Inc.",1288847,medio,2022,778846000,RevenueFromContractWithCustomerExcludingAssessedTax,261990000.0,SellingAndMarketingExpense,141794000.0,ResearchAndDevelopmentExpense,-87582000,OperatingIncomeLoss,4388000,IncomeTaxExpenseBenefit,-90262000.0,IncomeLossFromContinuingOperationsBeforeIncomeTaxesExtraordinaryItemsNoncontrollingInterest,7493000.0,InterestExpense,44671000.0,DepreciationDepletionAndAmortization,309965000,StockholdersEquity,747700000.0,DebtInstrumentCarryingAmount,738376000.0,ConvertibleDebtNoncurrent,169000.0,ConvertibleDebtCurrent,180520000.0,CashAndCashEquivalentsAtCarryingValue,1244485000.0,Assets,2022-12-31,747700000,conceito de dívida total,5/5,778.846,261.99,141.794,-87.582,4.388,-90.262,309.965,747.7,738.376,0.169,747.7,180.52,7.493,1244.485,44.671,0.0296,0.05,1.09,0.3363822886681064,0.21,estatutaria,-69189780.0,877145000.0,-0.07888066397231928,2.412207829916281,3.16715216234091,0.18795760811704548,0.010021398956800856,0.007916905175872678,1057665000,0.2930653845972023,0.7069346154027977,0.06068060302647814,-0.13956126699879742,
FIVN,"Five9, Inc.",1288847,medio,2023,910488000,RevenueFromContractWithCustomerExcludingAssessedTax,296713000.0,SellingAndMarketingExpense,156582000.0,ResearchAndDevelopmentExpense,-98576000,OperatingIncomeLoss,2341000,IncomeTaxExpenseBenefit,-79423000.0,IncomeLossFromContinuingOperationsBeforeIncomeTaxesExtraordinaryItemsNoncontrollingInterest,7646000.0,InterestExpense,48515000.0,DepreciationDepletionAndAmortization,538085000,StockholdersEquity,747500000.0,DebtInstrumentCarryingAmount,742125000.0,ConvertibleDebtNoncurrent,0.0,ConvertibleDebtCurrent,143201000.0,CashAndCashEquivalentsAtCarryingValue,1494568000.0,Assets,2023-12-31,747500000,conceito de dívida total,5/5,910.488,296.713,156.582,-98.576,2.341,-79.423,538.085,747.5,742.125,0.0,747.5,143.201,7.646,1494.568,48.515,0.0396,0.045,1.07,0.32588348226445596,0.21,estatutaria,-77875040.0,1142384000.0,-0.06816888191711369,1.3891857234451805,2.244278692028211,0.1405925411412695,0.01022876254180602,0.008080722408026757,1285585000,0.4185526433491368,0.5814473566508632,0.06354389441382717,-0.13171277633094086,
FIVN,"Five9, Inc.",1288847,medio,2024,1041938000,RevenueFromContractWithCustomerExcludingAssessedTax,311954000.0,SellingAndMarketingExpense,166197000.0,ResearchAndDevelopmentExpense,-51303000,OperatingIncomeLoss,40000,IncomeTaxExpenseBenefit,-12755000.0,IncomeLossFromContinuingOperationsBeforeIncomeTaxesExtraordinaryItemsNoncontrollingInterest,14812000.0,InterestExpenseNonoperating,52905000.0,DepreciationDepletionAndAmortization,622192000,StockholdersEquity,,,731855000.0,ConvertibleDebtNoncurrent,433490000.0,ConvertibleDebtCurrent,362546000.0,CashAndCashEquivalentsAtCarryingValue,2051214000.0,Assets,2024-12-31,1165345000,soma longo + curto prazo,5/5,1041.938,311.954,166.197,-51.303,0.04,-12.755,622.192,,731.855,433.49,1165.345,362.546,14.812,2051.214,52.905,0.0423,0.046,1.05,0.2993978528472903,0.21,estatutaria,-40529370.0,1424991000.0,-0.028441842790586046,1.8729668655334688,2.603626014960013,0.1620667966881606,0.012710399066370903,0.010041215262433014,1787537000,0.34807223570756857,0.6519277642924314,0.06295709927402902,-0.09139894206461507,
HUBS,HUBSPOT INC,1404655,alto,2015,181943000,Revenues,112629000.0,SellingAndMarketingExpense,32457000.0,ResearchAndDevelopmentExpense,-46474000,OperatingIncomeLoss,412000,IncomeTaxExpenseBenefit,-45641000.0,IncomeLossFromContinuingOperationsBeforeIncomeTaxesExtraordinaryItemsNoncontrollingInterest,185000.0,InterestExpense,7343000.0,DepreciationDepletionAndAmortization,121708000,StockholdersEquity,,,,,,,55580000.0,CashAndCashEquivalentsAtCarryingValue,220379000.0,Assets,2015-12-31,0,sem dívida divulgada,5/5,181.943,112.629,32.457,-46.474,0.412,-45.641,121.708,,,,0.0,55.58,0.185,220.379,7.343,0.0221,0.058,1.04,0.6190345327932374,0.35,estatutaria,-30208100.0,66128000.0,-0.4568125453665618,0.0,1.04,0.08242000000000001,0.0,0.0,121708000,1.0,0.0,0.08242000000000001,-0.5392325453665618,
HUBS,HUBSPOT INC,1404655,alto,2016,270967000,RevenueFromContractWithCustomerExcludingAssessedTax,162647000.0,SellingAndMarketingExpense,45997000.0,ResearchAndDevelopmentExpense,-44662000,OperatingIncomeLoss,533000,IncomeTaxExpenseBenefit,-45029000.0,IncomeLossFromContinuingOperationsBeforeIncomeTaxesExtraordinaryItemsNoncontrollingInterest,265000.0,InterestExpense,11177000.0,DepreciationDepletionAndAmortization,118700000,StockholdersEquity,,,,,,,59702000.0,CashAndCashEquivalentsAtCarryingValue,259755000.0,Assets,2016-12-31,0,sem dívida divulgada,5/5,270.967,162.647,45.997,-44.662,0.533,-45.029,118.7,,,,0.0,59.702,0.265,259.755,11.177,0.0184,0.062,1.1,0.6002465244845313,0.35,estatutaria,-29030300.0,58998000.0,-0.49205566290382724,0.0,1.1,0.08660000000000001,0.0,0.0,118700000,1.0,0.0,0.08660000000000001,-0.5786556629038273,
HUBS,HUBSPOT INC,1404655,alto,2017,375612000,RevenueFromContractWithCustomerExcludingAssessedTax,212859000.0,SellingAndMarketingExpense,70373000.0,ResearchAndDevelopmentExpense,-40136000,OperatingIncomeLoss,-10325000,IncomeTaxExpenseBenefit,-50039000.0,IncomeLossFromContinuingOperationsBeforeIncomeTaxesExtraordinaryItemsNoncontrollingInterest,13181000.0,InterestExpense,15786000.0,DepreciationDepletionAndAmortization,210360000,StockholdersEquity,,,298447000.0,ConvertibleLongTermNotesPayable,,,87680000.0,CashAndCashEquivalentsAtCarryingValue,712175000.0,Assets,2017-12-31,298447000,soma longo + curto prazo,5/5,375.612,212.859,70.373,-40.136,-10.325,-50.039,210.36,,298.447,,298.447,87.68,13.181,712.175,15.786,0.0233,0.057,1.11,0.5666991469921089,0.35,estatutaria,-26088400.0,421127000.0,-0.06194900825641671,1.4187440578056665,2.1336238377067884,0.14491655874928694,0.044165295680640114,0.028707442192416076,508807000,0.4134377082076308,0.5865622917923692,0.07675267301452221,-0.1387016812709389,
HUBS,HUBSPOT INC,1404655,alto,2018,512980000,RevenueFromContractWithCustomerExcludingAssessedTax,267444000.0,SellingAndMarketingExpense,117603000.0,ResearchAndDevelopmentExpense,-48258000,OperatingIncomeLoss,1868000,IncomeTaxExpenseBenefit,-61960000.0,IncomeLossFromContinuingOperationsBeforeIncomeTaxesExtraordinaryItemsNoncontrollingInterest,21386000.0,InterestExpense,23428000.0,DepreciationDepletionAndAmortization,244641000,StockholdersEquity,,,318782000.0,ConvertibleLongTermNotesPayable,,,111489000.0,CashAndCashEquivalentsAtCarryingValue,833953000.0,Assets,2018-12-31,318782000,soma longo + curto prazo,5/5,512.98,267.444,117.603,-48.258,1.868,-61.96,244.641,,318.782,,318.782,111.489,21.386,833.953,23.428,0.0291,0.053,1.15,0.5213536590120472,0.21,estatutaria,-38123820.0,451934000.0,-0.08435705213593135,1.3030604027942987,2.33383037593862,0.15279300992474687,0.06708659836502688,0.05299841270837124,563423000,0.43420485141714127,0.5657951485828587,0.09632971096494108,-0.18068676310087245,
HUBS,HUBSPOT INC,1404655,alto,2019,674860000,RevenueFromContractWithCustomerExcludingAssessedTax,340685000.0,SellingAndMarketingExpense,158237000.0,ResearchAndDevelopmentExpense,-46991000,OperatingIncomeLoss,2973000,IncomeTaxExpenseBenefit,-50773000.0,IncomeLossFromContinuingOperationsBeforeIncomeTaxesExtraordinaryItemsNoncontrollingInterest,22818000.0,InterestExpense,28793000.0,DepreciationDepletionAndAmortization,649958000,StockholdersEquity,,,340564000.0,ConvertibleLongTermNotesPayable,,,269670000.0,CashAndCashEquivalentsAtCarryingValue,1569268000.0,Assets,2019-12-31,340564000,soma longo + curto prazo,5/5,674.86,340.685,158.237,-46.991,2.973,-50.773,649.958,,340.564,,340.564,269.67,22.818,1569.268,28.793,0.0241,0.056,1.17,0.5048232225943159,0.21,estatutaria,-37122890.0,720852000.0,-0.051498629399654855,0.5239784724551433,1.654313302090289,0.11674154491705618,0.06700062249679943,0.052930491772471555,990522000,0.6561772479561282,0.3438227520438718,0.09480185301406732,-0.14630048241372218,
HUBS,HUBSPOT INC,1404655,alto,2020,883026000,RevenueFromContractWithCustomerExcludingAssessedTax,452081000.0,SellingAndMarketingExpense,205589000.0,ResearchAndDevelopmentExpense,-50828000,OperatingIncomeLoss,4216000,IncomeTaxExpenseBenefit,-80815000.0,IncomeLossFromContinuingOperationsBeforeIncomeTaxesExtraordinaryItemsNoncontrollingInterest,37049000.0,InterestExpense,37060000.0,DepreciationDepletionAndAmortization,762655000,StockholdersEquity,,,471099000.0,ConvertibleLongTermNotesPayable,7837000.0,ConvertibleNotesPayableCurrent,378123000.0,CashAndCashEquivalentsAtCarryingValue,1973366000.0,Assets,2020-12-31,478936000,soma longo + curto prazo,5/5,883.026,452.081,205.589,-50.828,4.216,-80.815,762.655,,471.099,7.837,478.936,378.123,37.049,1973.366,37.06,0.0093,0.072,1.21,0.5119679375239234,0.21,estatutaria,-40154120.0,863468000.0,-0.04650330990841583,0.6279851308914254,1.8102909866191135,0.13964095103657617,0.07735689110862412,0.06111194397581306,1241591000,0.6142562244732767,0.3857437755267234,0.1093488753645927,-0.15585218527300854,
HUBS,HUBSPOT INC,1404655,alto,2021,1300658000,RevenueFromContractWithCustomerExcludingAssessedTax,649681000.0,SellingAndMarketingExpense,301970000.0,ResearchAndDevelopmentExpense,-54799000,OperatingIncomeLoss,4019000,IncomeTaxExpenseBenefit,-73818000.0,IncomeLossFromContinuingOperationsBeforeIncomeTaxesExtraordinaryItemsNoncontrollingInterest,30282000.0,InterestExpense,45159000.0,DepreciationDepletionAndAmortization,870851000,StockholdersEquity,,,383101000.0,ConvertibleLongTermNotesPayable,19630000.0,ConvertibleNotesPayableCurrent,377013000.0,CashAndCashEquivalentsAtCarryingValue,2174854000.0,Assets,2021-12-31,402731000,soma longo + curto prazo,5/5,1300.658,649.681,301.97,-54.799,4.019,-73.818,870.851,,383.101,19.63,402.731,377.013,30.282,2174.854,45.159,0.0148,0.048,1.18,0.4995017906321262,0.21,estatutaria,-43291210.0,896569000.0,-0.04828541919249941,0.4624568381962012,1.6111022645664987,0.09213290869919194,0.07519162915196496,0.05940138703005232,1273582000,0.6837808637370817,0.3162191362629183,0.08178257518840562,-0.13006799438090502,
HUBS,HUBSPOT INC,1404655,alto,2022,1730969000,RevenueFromContractWithCustomerExcludingAssessedTax,886069000.0,SellingAndMarketingExpense,442022000.0,ResearchAndDevelopmentExpense,-102862000,OperatingIncomeLoss,8894000,IncomeTaxExpenseBenefit,-98453000.0,IncomeLossFromContinuingOperationsBeforeIncomeTaxesExtraordinaryItemsNoncontrollingInterest,3762000.0,InterestExpense,58150000.0,DepreciationDepletionAndAmortization,994678000,StockholdersEquity,,,,,,,331022000.0,CashAndCashEquivalentsAtCarryingValue,2544738000.0,Assets,2022-12-31,454227000,ajuste manual (balanço do 10-K),5/5,1730.969,886.069,442.022,-102.862,8.894,-98.453,994.678,,,,454.227,331.022,3.762,2544.738,58.15,0.0296,0.05,1.09,0.5118918940778258,0.21,estatutaria,-81260980.0,1117883000.0,-0.07269184700008856,0.45665733031192,1.4832276271315945,0.10376138135657972,0.008282202511079263,0.006542939983752618,1448905000,0.6865032559070471,0.313496744092953,0.0732837165204068,-0.14597556352049534,
HUBS,HUBSPOT INC,1404655,alto,2023,2170230000,RevenueFromContractWithCustomerExcludingAssessedTax,1068560000.0,SellingAndMarketingExpense,617745000.0,ResearchAndDevelopmentExpense,-200929000,OperatingIncomeLoss,13935000,IncomeTaxExpenseBenefit,-150575000.0,IncomeLossFromContinuingOperationsBeforeIncomeTaxesExtraordinaryItemsNoncontrollingInterest,3801000.0,InterestExpense,72673000.0,DepreciationDepletionAndAmortization,1334348000,StockholdersEquity,,,,,,,387987000.0,CashAndCashEquivalentsAtCarryingValue,3071392000.0,Assets,2023-12-31,456206000,ajuste manual (balanço do 10-K),5/5,2170.23,1068.56,617.745,-200.929,13.935,-150.575,1334.348,,,,456.206,387.987,3.801,3071.392,72.673,0.0396,0.045,1.07,0.4923717762633454,0.21,estatutaria,-158733910.0,1402567000.0,-0.11317385194432779,0.34189431842367957,1.3590032673635366,0.10075514703135915,0.008331762405579935,0.006582092300408149,1790554000,0.7452151680429633,0.2547848319570368,0.07676128110685299,-0.18993513305118076,
HUBS,HUBSPOT INC,1404655,alto,2024,2627543000,RevenueFromContractWithCustomerExcludingAssessedTax,1218844000.0,SellingAndMarketingExpense,778714000.0,ResearchAndDevelopmentExpense,-67602000,OperatingIncomeLoss,24049000,IncomeTaxExpenseBenefit,28677000.0,IncomeLossFromContinuingOperationsBeforeIncomeTaxesExtraordinaryItemsNoncontrollingInterest,3721000.0,InterestExpenseNonoperating,96828000.0,DepreciationDepletionAndAmortization,1908286000,StockholdersEquity,,,,,458184000.0,ConvertibleNotesPayableCurrent,512667000.0,CashAndCashEquivalentsAtCarryingValue,3795833000.0,Assets,2024-12-31,458184000,soma longo + curto prazo,5/5,2627.543,1218.844,778.714,-67.602,24.049,28.677,1908.286,,,458.184,458.184,512.667,3.721,3795.833,96.828,0.0423,0.046,1.05,0.46387214214952904,0.838616312724483,efetiva,-10909860.0271995,1853803000.0,-0.005885123730622671,0.24010237459164926,1.0906860368619682,0.09247155769565053,0.008121191486389748,0.001310627827144114,2366470000,0.8063850376298876,0.19361496237011244,0.0748214376895352,-0.08070656142015786,
MDB,"MongoDB, Inc.",1441816,alto,2016,65271000,SalesRevenueNet,56613000.0,SellingAndMarketingExpense,43465000.0,ResearchAndDevelopmentExpense,-72738000,OperatingIncomeLoss,442000,IncomeTaxExpenseBenefit,-73044000.0,IncomeLossFromContinuingOperationsBeforeIncomeTaxesExtraordinaryItemsNoncontrollingInterest,24000.0,InterestExpense,4062000.0,DepreciationDepletionAndAmortization,-228505000,StockholdersEquity,,,,,,,33205000.0,CashAndCashEquivalentsAtCarryingValue,,,2016-01-31,0,sem dívida divulgada,5/5,65.271,56.613,43.465,-72.738,0.442,-73.044,-228.505,,,,0.0,33.205,0.024,,4.062,0.0184,0.062,1.1,0.8673530358045687,0.35,estatutaria,-47279700.0,-261710000.0,,0.0,1.1,0.08660000000000001,0.0,0.0,-228505000,1.0,0.0,0.08660000000000001,,capital investido <= 0
MDB,"MongoDB, Inc.",1441816,alto,2017,114805000,RevenueFromContractWithCustomerExcludingAssessedTax,75413000.0,SellingAndMarketingExpense,51772000.0,ResearchAndDevelopmentExpense,-69329000,OperatingIncomeLoss,719000,IncomeTaxExpenseBenefit,-69344000.0,IncomeLossFromContinuingOperationsBeforeIncomeTaxesExtraordinaryItemsNoncontrollingInterest,9000.0,InterestExpense,3751000.0,DepreciationDepletionAndAmortization,-244736000,StockholdersEquity,,,,,,,69305000.0,CashAndCashEquivalentsAtCarryingValue,174432000.0,Assets,2017-01-31,0,sem dívida divulgada,5/5,114.805,75.413,51.772,-69.329,0.719,-69.344,-244.736,,,,0.0,69.305,0.009,174.432,3.751,0.0233,0.057,1.11,0.6568790557902531,0.35,estatutaria,-45063850.0,-314041000.0,,0.0,1.11,0.08657000000000001,0.0,0.0,-244736000,1.0,0.0,0.08657000000000001,,capital investido <= 0
MDB,"MongoDB, Inc.",1441816,alto,2018,166028000,RevenueFromContractWithCustomerExcludingAssessedTax,109073000.0,SellingAndMarketingExpense,62202000.0,ResearchAndDevelopmentExpense,-84881000,OperatingIncomeLoss,1287000,IncomeTaxExpenseBenefit,-82686000.0,IncomeLossFromContinuingOperationsBeforeIncomeTaxesExtraordinaryItemsNoncontrollingInterest,8000.0,InterestExpense,3703000.0,DepreciationDepletionAndAmortization,247657000,StockholdersEquity,,,0.0,ConvertibleDebtNoncurrent,,,61902000.0,CashAndCashEquivalentsAtCarryingValue,432844000.0,Assets,2018-01-31,0,sem dívida divulgada,5/5,166.028,109.073,62.202,-84.881,1.287,-82.686,247.657,,0.0,,0.0,61.902,0.008,432.844,3.703,0.0291,0.053,1.15,0.6569554532970342,0.21,estatutaria,-67055990.0,185755000.0,-0.360991574923959,0.0,1.15,0.09004999999999999,0.0,0.0,247657000,1.0,0.0,0.09004999999999999,-0.451041574923959,
MDB,"MongoDB, Inc.",1441816,alto,2019,267016000,RevenueFromContractWithCustomerExcludingAssessedTax,148296000.0,SellingAndMarketingExpense,89854000.0,ResearchAndDevelopmentExpense,-97765000,OperatingIncomeLoss,-3318000,IncomeTaxExpenseBenefit,-102329000.0,IncomeLossFromContinuingOperationsBeforeIncomeTaxesExtraordinaryItemsNoncontrollingInterest,10290000.0,InterestExpense,5792000.0,DepreciationDepletionAndAmortization,264566000,StockholdersEquity,216858000.0,LongTermDebt,216858000.0,ConvertibleDebtNoncurrent,,,147831000.0,CashAndCashEquivalentsAtCarryingValue,733476000.0,Assets,2019-01-31,216858000,conceito de dívida total,5/5,267.016,148.296,89.854,-97.765,-3.318,-102.329,264.566,216.858,216.858,,216.858,147.831,10.29,733.476,5.792,0.0241,0.056,1.17,0.5553824489918208,0.21,estatutaria,-77234350.0,333593000.0,-0.23152269382151305,0.8196744857615869,1.9276251271894345,0.13204700712260833,0.047450405334366265,0.037485820214149354,481424000,0.5495488384459437,0.4504511615540563,0.08945181064176277,-0.3209745044632758,
MDB,"MongoDB, Inc.",1441816,alto,2020,421720000,RevenueFromContractWithCustomerExcludingAssessedTax,223893000.0,SellingAndMarketingExpense,149033000.0,ResearchAndDevelopmentExpense,-147866000,OperatingIncomeLoss,-656000,IncomeTaxExpenseBenefit,-176178000.0,IncomeLossFromContinuingOperationsBeforeIncomeTaxesExtraordinaryItemsNoncontrollingInterest,20983000.0,InterestExpense,12783000.0,DepreciationDepletionAndAmortization,82858000,StockholdersEquity,,,911075000.0,ConvertibleDebtNoncurrent,,,706192000.0,CashAndCashEquivalentsAtCarryingValue,1328567000.0,Assets,2020-01-31,911075000,soma longo + curto prazo,5/5,421.72,223.893,149.033,-147.866,-0.656,-176.178,82.858,,911.075,,911.075,706.192,20.983,1328.567,12.783,0.0093,0.072,1.21,0.53090439153941,0.21,estatutaria,-116814140.0,287741000.0,-0.40596974362360594,10.99561901083782,11.72071221245987,0.8531912792971106,0.023031034766621848,0.01819451746563126,993933000,0.0833637679803367,0.9166362320196633,0.08780299378328317,-0.4937727374068891,
MDB,"MongoDB, Inc.",1441816,alto,2021,590380000,RevenueFromContractWithCustomerExcludingAssessedTax,325100000.0,SellingAndMarketingExpense,205161000.0,ResearchAndDevelopmentExpense,-209304000,OperatingIncomeLoss,4251000,IncomeTaxExpenseBenefit,-262693000.0,IncomeLossFromContinuingOperationsBeforeIncomeTaxesExtraordinaryItemsNoncontrollingInterest,56107000.0,InterestExpense,14177000.0,DepreciationDepletionAndAmortization,-5033000,StockholdersEquity,,,937729000.0,ConvertibleDebtNoncurrent,,,429697000.0,CashAndCashEquivalentsAtCarryingValue,1407495000.0,Assets,2021-01-31,937729000,soma longo + curto prazo,5/5,590.38,325.1,205.161,-209.304,4.251,-262.693,-5.033,,937.729,,937.729,429.697,56.107,1407.495,14.177,0.0148,0.048,1.18,0.5506622853077678,0.21,estatutaria,-165350160.0,502999000.0,-0.328728605822278,0.0,1.18,0.07144,0.0598328514954747,0.047267952681425016,932696000,1.0,0.0,0.07144,-0.400168605822278,
MDB,"MongoDB, Inc.",1441816,alto,2022,873782000,RevenueFromContractWithCustomerExcludingAssessedTax,471890000.0,SellingAndMarketingExpense,308820000.0,ResearchAndDevelopmentExpense,-289364000,OperatingIncomeLoss,3977000,IncomeTaxExpenseBenefit,-302889000.0,IncomeLossFromContinuingOperationsBeforeIncomeTaxesExtraordinaryItemsNoncontrollingInterest,11316000.0,InterestExpense,13671000.0,DepreciationDepletionAndAmortization,666700000,StockholdersEquity,,,1136521000.0,ConvertibleDebtNoncurrent,,,473904000.0,CashAndCashEquivalentsAtCarryingValue,2449588000.0,Assets,2022-01-31,1136521000,soma longo + curto prazo,5/5,873.782,471.89,308.82,-289.364,3.977,-302.889,666.7,,1136.521,,1136.521,473.904,11.316,2449.588,13.671,0.0296,0.05,1.09,0.540054613164382,0.21,estatutaria,-228597560.0,1329317000.0,-0.17196617511097803,1.7046962651867406,2.5579139539523026,0.15749569769761512,0.009956701196018375,0.007865793944854517,1803221000,0.36972728245733605,0.6302727175426639,0.06318805163371545,-0.2351542267446935,
MDB,"MongoDB, Inc.",1441816,alto,2023,1284040000,RevenueFromContractWithCustomerExcludingAssessedTax,699201000.0,SellingAndMarketingExpense,421692000.0,ResearchAndDevelopmentExpense,-346655000,OperatingIncomeLoss,12144000,IncomeTaxExpenseBenefit,-333254000.0,IncomeLossFromContinuingOperationsBeforeIncomeTaxesExtraordinaryItemsNoncontrollingInterest,9797000.0,InterestExpense,16110000.0,DepreciationDepletionAndAmortization,739508000,StockholdersEquity,,,1139880000.0,ConvertibleDebtNoncurrent,,,455826000.0,CashAndCashEquivalentsAtCarryingValue,2588893000.0,Assets,2023-01-31,1139880000,soma longo + curto prazo,5/5,1284.04,699.201,421.692,-346.655,12.144,-333.254,739.508,,1139.88,,1139.88,455.826,9.797,2588.893,16.11,0.0396,0.045,1.07,0.5445321018036822,0.21,estatutaria,-273857450.0,1423562000.0,-0.1923747964612711,1.5414032032107834,2.3729481276740754,0.1463826657453334,0.008594764361160825,0.006789863845317052,1879388000,0.39348341055705366,0.6065165894429463,0.06171731562615065,-0.2540921120874217,
MDB,"MongoDB, Inc.",1441816,alto,2024,1683011000,RevenueFromContractWithCustomerExcludingAssessedTax,782760000.0,SellingAndMarketingExpense,515940000.0,ResearchAndDevelopmentExpense,-233732000,OperatingIncomeLoss,13084000,IncomeTaxExpenseBenefit,-163516000.0,IncomeLossFromContinuingOperationsBeforeIncomeTaxesExtraordinaryItemsNoncontrollingInterest,9387000.0,InterestExpense,18939000.0,DepreciationDepletionAndAmortization,1068989000,StockholdersEquity,,,1143273000.0,ConvertibleDebtNoncurrent,,,802959000.0,CashAndCashEquivalentsAtCarryingValue,2869642000.0,Assets,2024-01-31,1143273000,soma longo + curto prazo,5/5,1683.011,782.76,515.94,-233.732,13.084,-163.516,1068.989,,1143.273,,1143.273,802.959,9.387,2869.642,18.939,0.0423,0.046,1.05,0.46509499937908905,0.21,estatutaria,-184648280.0,1409303000.0,-0.13102099406586093,1.069489957333518,1.9371419196081532,0.13140852830197505,0.008210637354332691,0.006486403509922826,2212262000,0.48321084934786207,0.5167891506521379,0.06685012953302999,-0.19787112359889092,
NET,"Cloudflare, Inc.",1477333,medio,2017,134915000,RevenueFromContractWithCustomerExcludingAssessedTax,61899000.0,SellingAndMarketingExpense,33650000.0,ResearchAndDevelopmentExpense,-9730000,OperatingIncomeLoss,1033000,IncomeTaxExpenseBenefit,-9715000.0,IncomeLossFromContinuingOperationsBeforeIncomeTaxesExtraordinaryItemsNoncontrollingInterest,862000.0,InterestExpense,12174000.0,DepreciationDepletionAndAmortization,-59834000,StockholdersEquity,,,,,,,,,,,2017-12-31,0,sem dívida divulgada,4/5,134.915,61.899,33.65,-9.73,1.033,-9.715,-59.834,,,,0.0,,0.862,,12.174,0.0233,0.057,1.11,0.45879998517585147,0.35,estatutaria,-6324500.0,,,0.0,1.11,0.08657000000000001,0.0,0.0,-59834000,1.0,0.0,0.08657000000000001,,dados insuficientes: caixa ausente
NET,"Cloudflare, Inc.",1477333,medio,2018,192674000,RevenueFromContractWithCustomerExcludingAssessedTax,94394000.0,SellingAndMarketingExpense,54463000.0,ResearchAndDevelopmentExpense,-84899000,OperatingIncomeLoss,1077000,IncomeTaxExpenseBenefit,-86087000.0,IncomeLossFromContinuingOperationsBeforeIncomeTaxesExtraordinaryItemsNoncontrollingInterest,992000.0,InterestExpense,18905000.0,DepreciationDepletionAndAmortization,-113505000,StockholdersEquity,,,,,255000.0,LongTermDebtCurrent,25055000.0,CashAndCashEquivalentsAtCarryingValue,298380000.0,Assets,2018-12-31,255000,soma longo + curto prazo,5/5,192.674,94.394,54.463,-84.899,1.077,-86.087,-113.505,,,0.255,0.255,25.055,0.992,298.38,18.905,0.0291,0.053,1.15,0.48991560874845597,0.21,estatutaria,-67070210.0,-138305000.0,,0.0,1.15,0.09004999999999999,3.8901960784313725,3.073254901960784,-113250000,1.0,0.0,0.09004999999999999,,capital investido <= 0
NET,"Cloudflare, Inc.",1477333,medio,2019,287022000,RevenueFromContractWithCustomerExcludingAssessedTax,159298000.0,SellingAndMarketingExpense,90669000.0,ResearchAndDevelopmentExpense,-107946000,OperatingIncomeLoss,1115000,IncomeTaxExpenseBenefit,-104713000.0,IncomeLossFromContinuingOperationsBeforeIncomeTaxesExtraordinaryItemsNoncontrollingInterest,1112000.0,InterestExpense,29479000.0,DepreciationDepletionAndAmortization,725828000,StockholdersEquity,,,0.0,ConvertibleDebtNoncurrent,0.0,LongTermDebtCurrent,138976000.0,CashAndCashEquivalentsAtCarryingValue,830824000.0,Assets,2019-12-31,0,sem dívida divulgada,5/5,287.022,159.298,90.669,-107.946,1.115,-104.713,725.828,,0.0,0.0,0.0,138.976,1.112,830.824,29.479,0.0241,0.056,1.17,0.5550027524022548,0.21,estatutaria,-85277340.0,586852000.0,-0.1453131965129198,0.0,1.17,0.08961999999999999,0.0,0.0,725828000,1.0,0.0,0.08961999999999999,-0.23493319651291977,
NET,"Cloudflare, Inc.",1477333,medio,2020,431059000,RevenueFromContractWithCustomerExcludingAssessedTax,217875000.0,SellingAndMarketingExpense,127144000.0,ResearchAndDevelopmentExpense,-106768000,OperatingIncomeLoss,-5603000,IncomeTaxExpenseBenefit,-124973000.0,IncomeLossFromContinuingOperationsBeforeIncomeTaxesExtraordinaryItemsNoncontrollingInterest,24964000.0,InterestExpense,49387000.0,DepreciationDepletionAndAmortization,816940000,StockholdersEquity,,,383275000.0,ConvertibleDebtNoncurrent,0.0,ConvertibleDebtCurrent,108895000.0,CashAndCashEquivalentsAtCarryingValue,1380651000.0,Assets,2020-12-31,383275000,soma longo + curto prazo,5/5,431.059,217.875,127.144,-106.768,-5.603,-124.973,816.94,,383.275,0.0,383.275,108.895,24.964,1380.651,49.387,0.0093,0.072,1.21,0.5054412505016714,0.21,estatutaria,-84346720.0,1091320000.0,-0.0772887145841733,0.46915930178470877,1.658469376576003,0.1287097951134722,0.06513338986367491,0.05145537799230318,1200215000,0.6806613815024808,0.3193386184975192,0.10403947627716698,-0.18132819086134028,
NET,"Cloudflare, Inc.",1477333,medio,2021,656426000,RevenueFromContractWithCustomerExcludingAssessedTax,328065000.0,SellingAndMarketingExpense,189408000.0,ResearchAndDevelopmentExpense,-127684000,OperatingIncomeLoss,12333000,IncomeTaxExpenseBenefit,-247976000.0,IncomeLossFromContinuingOperationsBeforeIncomeTaxesExtraordinaryItemsNoncontrollingInterest,49234000.0,InterestExpense,66607000.0,DepreciationDepletionAndAmortization,811359000,StockholdersEquity,,,1146877000.0,ConvertibleDebtNoncurrent,12117000.0,ConvertibleDebtCurrent,313777000.0,CashAndCashEquivalentsAtCarryingValue,2372071000.0,Assets,2021-12-31,1158994000,soma longo + curto prazo,5/5,656.426,328.065,189.408,-127.684,12.333,-247.976,811.359,,1146.877,12.117,1158.994,313.777,49.234,2372.071,66.607,0.0148,0.048,1.18,0.49977453665759736,0.21,estatutaria,-100870360.0,1656576000.0,-0.06089087370576418,1.4284601514249549,2.5116105531583424,0.13535730655160044,0.042479943813341574,0.033559155612539845,1970353000,0.41178357380631797,0.5882164261936821,0.0754779620131012,-0.13636883571886538,
NET,"Cloudflare, Inc.",1477333,medio,2022,975241000,RevenueFromContractWithCustomerExcludingAssessedTax,465762000.0,SellingAndMarketingExpense,298303000.0,ResearchAndDevelopmentExpense,-201203000,OperatingIncomeLoss,2648000,IncomeTaxExpenseBenefit,-190733000.0,IncomeLossFromContinuingOperationsBeforeIncomeTaxesExtraordinaryItemsNoncontrollingInterest,4984000.0,InterestExpense,102335000.0,DepreciationDepletionAndAmortization,623964000,StockholdersEquity,,,1436192000.0,ConvertibleDebtNoncurrent,0.0,ConvertibleDebtCurrent,204178000.0,CashAndCashEquivalentsAtCarryingValue,2587908000.0,Assets,2022-12-31,1436192000,soma longo + curto prazo,5/5,975.241,465.762,298.303,-201.203,2.648,-190.733,623.964,,1436.192,0.0,1436.192,204.178,4.984,2587.908,102.335,0.0296,0.05,1.09,0.47758656578220154,0.21,estatutaria,-158950370.0,1855978000.0,-0.08564237830405318,2.301722535274471,3.072013275124847,0.1832006637562424,0.003470288095185045,0.0027415275951961854,2060156000,0.3028722096773254,0.6971277903226746,0.05739758492075359,-0.14303996322480678,
NET,"Cloudflare, Inc.",1477333,medio,2023,1296745000,RevenueFromContractWithCustomerExcludingAssessedTax,599117000.0,SellingAndMarketingExpense,358143000.0,ResearchAndDevelopmentExpense,-185485000,OperatingIncomeLoss,6087000,IncomeTaxExpenseBenefit,-177862000.0,IncomeLossFromContinuingOperationsBeforeIncomeTaxesExtraordinaryItemsNoncontrollingInterest,5872000.0,InterestExpense,135820000.0,DepreciationDepletionAndAmortization,763047000,StockholdersEquity,,,1283362000.0,ConvertibleDebtNoncurrent,,,86864000.0,CashAndCashEquivalentsAtCarryingValue,2759767000.0,Assets,2023-12-31,1283362000,soma longo + curto prazo,5/5,1296.745,599.117,358.143,-185.485,6.087,-177.862,763.047,,1283.362,,1283.362,86.864,5.872,2759.767,135.82,0.0396,0.045,1.07,0.4620160478737146,0.21,estatutaria,-146533150.0,1959545000.0,-0.07477917067482502,1.6818911548043567,2.4917025931561225,0.1517266166920255,0.004575482210007776,0.0036146309459061435,2046409000,0.37287121000738366,0.6271287899926163,0.05884132628765803,-0.13362049696248304,
NET,"Cloudflare, Inc.",1477333,medio,2024,1669626000,RevenueFromContractWithCustomerExcludingAssessedTax,745791000.0,SellingAndMarketingExpense,421374000.0,ResearchAndDevelopmentExpense,-154761000,OperatingIncomeLoss,7929000,IncomeTaxExpenseBenefit,-70871000.0,IncomeLossFromContinuingOperationsBeforeIncomeTaxesExtraordinaryItemsNoncontrollingInterest,5196000.0,InterestExpenseNonoperating,127722000.0,DepreciationDepletionAndAmortization,1046201000,StockholdersEquity,,,1287321000.0,ConvertibleDebtNoncurrent,0.0,ConvertibleDebtCurrent,147691000.0,CashAndCashEquivalentsAtCarryingValue,3301162000.0,Assets,2024-12-31,1287321000,soma longo + curto prazo,5/5,1669.626,745.791,421.374,-154.761,7.929,-70.871,1046.201,,1287.321,0.0,1287.321,147.691,5.196,3301.162,127.722,0.0423,0.046,1.05,0.44668147237764627,0.21,estatutaria,-122261190.0,2185831000.0,-0.0559335053807911,1.2304719647562945,2.0706764947653467,0.13755111875920595,0.00403628931711671,0.003188668560522201,2333522000,0.4483356060067143,0.5516643939932857,0.06342813909489604,-0.11936164447568715,
NOW,"ServiceNow, Inc.",1373715,medio,2015,1005480000,Revenues,498439000.0,SellingAndMarketingExpense,217389000.0,ResearchAndDevelopmentExpense,-166365000,OperatingIncomeLoss,5414000,IncomeTaxExpenseBenefit,-193012000.0,IncomeLossFromContinuingOperationsBeforeIncomeTaxesMinorityInterestAndIncomeLossFromEquityMethodInvestments,31097000.0,InterestExpense,60356000.0,DepreciationDepletionAndAmortization,566814000,StockholdersEquity,,,474534000.0,ConvertibleLongTermNotesPayable,,,412305000.0,CashAndCashEquivalentsAtCarryingValue,1807052000.0,Assets,2015-12-31,474534000,soma longo + curto prazo,5/5,1005.48,498.439,217.389,-166.365,5.414,-193.012,566.814,,474.534,,474.534,412.305,31.097,1807.052,60.356,0.0221,0.058,1.04,0.4957224410231929,0.35,estatutaria,-108137250.0,629043000.0,-0.1719075643477473,0.837195270406165,1.6059440027945677,0.11524475216208493,0.06553165842700417,0.042595577977552715,1041348000,0.5443079546894987,0.4556920453105014,0.08213910138781658,-0.2540466657355639,
NOW,"ServiceNow, Inc.",1373715,medio,2016,1390985000,RevenueFromContractWithCustomerExcludingAssessedTax,659983000.0,SellingAndMarketingExpense,285239000.0,ResearchAndDevelopmentExpense,-382168000,OperatingIncomeLoss,3830000,IncomeTaxExpenseBenefit,-410419000.0,IncomeLossFromContinuingOperationsBeforeIncomeTaxesMinorityInterestAndIncomeLossFromEquityMethodInvestments,33278000.0,InterestExpense,83082000.0,DepreciationDepletionAndAmortization,541093000,StockholdersEquity,507812000.0,ConvertibleDebt,507812000.0,ConvertibleLongTermNotesPayable,0.0,ConvertibleNotesPayableCurrent,401238000.0,CashAndCashEquivalentsAtCarryingValue,2033767000.0,Assets,2016-12-31,507812000,conceito de dívida total,5/5,1390.985,659.983,285.239,-382.168,3.83,-410.419,541.093,507.812,507.812,0.0,507.812,401.238,33.278,2033.767,83.082,0.0184,0.062,1.1,0.47447168732948236,0.35,estatutaria,-248409200.0,647667000.0,-0.3835446301880442,0.9384930132158428,1.7710225044493277,0.12820339527585833,0.06553212606240105,0.04259588194056069,1048905000,0.5158646397910202,0.48413536020897985,0.08675777097067897,-0.4703024011587231,
NOW,"ServiceNow, Inc.",1373715,medio,2017,1918494000,RevenueFromContractWithCustomerExcludingAssessedTax,894977000.0,SellingAndMarketingExpense,377518000.0,ResearchAndDevelopmentExpense,-64396000,OperatingIncomeLoss,3440000,IncomeTaxExpenseBenefit,-113406000.0,IncomeLossFromContinuingOperationsBeforeIncomeTaxesMinorityInterestAndIncomeLossFromEquityMethodInvestments,53394000.0,InterestExpense,113875000.0,DepreciationDepletionAndAmortization,778744000,StockholdersEquity,1173436000.0,ConvertibleDebt,630018000.0,ConvertibleLongTermNotesPayable,543418000.0,ConvertibleNotesPayableCurrent,726495000.0,CashAndCashEquivalentsAtCarryingValue,3550245000.0,Assets,2017-12-31,1173436000,conceito de dívida total,5/5,1918.494,894.977,377.518,-64.396,3.44,-113.406,778.744,1173.436,630.018,543.418,1173.436,726.495,53.394,3550.245,113.875,0.0233,0.057,1.11,0.46649976491977563,0.35,estatutaria,-41857400.0,1225685000.0,-0.034150209882637055,1.5068315133086099,2.197178936852162,0.14853919940057325,0.045502268551501746,0.029576474558476135,1952180000,0.39890993658371665,0.6010900634162833,0.07703188758106323,-0.11118209746370028,
NOW,"ServiceNow, Inc.",1373715,medio,2018,2608816000,RevenueFromContractWithCustomerExcludingAssessedTax,1203056000.0,SellingAndMarketingExpense,529501000.0,ResearchAndDevelopmentExpense,-42426000,OperatingIncomeLoss,-12320000,IncomeTaxExpenseBenefit,-39024000.0,IncomeLossFromContinuingOperationsBeforeIncomeTaxesMinorityInterestAndIncomeLossFromEquityMethodInvestments,52733000.0,InterestExpense,149604000.0,DepreciationDepletionAndAmortization,1110000000,StockholdersEquity,661707000.0,ConvertibleDebt,661707000.0,ConvertibleLongTermNotesPayable,0.0,ConvertibleNotesPayableCurrent,566204000.0,CashAndCashEquivalentsAtCarryingValue,3879140000.0,Assets,2018-12-31,661707000,conceito de dívida total,5/5,2608.816,1203.056,529.501,-42.426,-12.32,-39.024,1110.0,661.707,661.707,0.0,661.707,566.204,52.733,3879.14,149.604,0.0291,0.053,1.15,0.4611501922711299,0.21,estatutaria,-33516540.0,1205503000.0,-0.027802950303732137,0.5961324324324324,1.6915863148648647,0.11875407468783783,0.07969237139700804,0.06295697340363635,1771707000,0.6265144293046198,0.37348557069538024,0.09791466247155992,-0.12571761277529206,
NOW,"ServiceNow, Inc.",1373715,medio,2019,3460000000,RevenueFromContractWithCustomerExcludingAssessedTax,1534000000.0,SellingAndMarketingExpense,749000000.0,ResearchAndDevelopmentExpense,42000000,OperatingIncomeLoss,-560000000,IncomeTaxExpenseBenefit,67000000.0,IncomeLossFromContinuingOperationsBeforeIncomeTaxesExtraordinaryItemsNoncontrollingInterest,33000000.0,InterestExpense,252000000.0,DepreciationDepletionAndAmortization,2127000000,StockholdersEquity,694981000.0,ConvertibleDebt,694981000.0,ConvertibleLongTermNotesPayable,52668000.0,ConvertibleNotesPayableCurrent,776000000.0,CashAndCashEquivalentsAtCarryingValue,6022430000.0,Assets,2019-12-31,747649000,soma longo + curto prazo,5/5,3460.0,1534.0,749.0,42.0,-560.0,67.0,2127.0,694.981,694.981,52.668,747.649,776.0,33.0,6022.43,252.0,0.0241,0.056,1.17,0.44335260115606934,0.0,efetiva_limitada,42000000.0,2098649000.0,0.02001287494955088,0.35150399623883405,1.5812596755994357,0.1126505418335684,0.04413835904281287,0.04413835904281287,2874649000,0.7399164211004543,0.26008357889954564,0.09483164813512884,-0.07481877318557796,
NOW,"ServiceNow, Inc.",1373715,medio,2020,4519000000,RevenueFromContractWithCustomerExcludingAssessedTax,1855000000.0,SellingAndMarketingExpense,1024000000.0,ResearchAndDevelopmentExpense,199000000,OperatingIncomeLoss,31000000,IncomeTaxExpenseBenefit,150000000.0,IncomeLossFromContinuingOperationsBeforeIncomeTaxesExtraordinaryItemsNoncontrollingInterest,33000000.0,InterestExpense,336000000.0,DepreciationDepletionAndAmortization,2834000000,StockholdersEquity,,,1640000000.0,ConvertibleLongTermNotesPayable,0.0,LongTermDebtCurrent,1677000000.0,CashAndCashEquivalentsAtCarryingValue,8715000000.0,Assets,2020-12-31,1640000000,soma longo + curto prazo,5/5,4519.0,1855.0,1024.0,199.0,31.0,150.0,2834.0,,1640.0,0.0,1640.0,1677.0,33.0,8715.0,336.0,0.0093,0.072,1.21,0.41048904624917015,0.20666666666666667,efetiva,157873333.33333334,2797000000.0,0.05644380884280777,0.5786873676781934,1.7655012938132204,0.13641609315455186,0.020121951219512196,0.015963414634146342,4474000000,0.6334376396960214,0.36656236030397854,0.09226267501117566,-0.03581886616836789,
NOW,"ServiceNow, Inc.",1373715,medio,2021,5896000000,RevenueFromContractWithCustomerExcludingAssessedTax,2292000000.0,SellingAndMarketingExpense,1397000000.0,ResearchAndDevelopmentExpense,257000000,OperatingIncomeLoss,19000000,IncomeTaxExpenseBenefit,249000000.0,IncomeLossFromContinuingOperationsBeforeIncomeTaxesExtraordinaryItemsNoncontrollingInterest,28000000.0,InterestExpense,472000000.0,DepreciationDepletionAndAmortization,3695000000,StockholdersEquity,,,1484000000.0,ConvertibleLongTermNotesPayable,92000000.0,LongTermDebtCurrent,1728000000.0,CashAndCashEquivalentsAtCarryingValue,10798000000.0,Assets,2021-12-31,1576000000,soma longo + curto prazo,5/5,5896.0,2292.0,1397.0,257.0,19.0,249.0,3695.0,,1484.0,92.0,1576.0,1728.0,28.0,10798.0,472.0,0.0148,0.048,1.18,0.3887381275440977,0.07630522088353414,efetiva,237389558.2329317,3543000000.0,0.06700241553286246,0.42652232746955343,1.6448922075310715,0.09375482596149143,0.017766497461928935,0.016410820948769698,5271000000,0.7010055018023146,0.2989944981976854,0.07062939399411343,-0.003626978461250971,
NOW,"ServiceNow, Inc.",1373715,medio,2022,7245000000,RevenueFromContractWithCustomerExcludingAssessedTax,2814000000.0,SellingAndMarketingExpense,1768000000.0,ResearchAndDevelopmentExpense,355000000,OperatingIncomeLoss,74000000,IncomeTaxExpenseBenefit,399000000.0,IncomeLossFromContinuingOperationsBeforeIncomeTaxesExtraordinaryItemsNoncontrollingInterest,27000000.0,InterestExpense,433000000.0,DepreciationDepletionAndAmortization,5032000000,StockholdersEquity,,,1486000000.0,ConvertibleLongTermNotesPayable,0.0,LongTermDebtCurrent,1470000000.0,CashAndCashEquivalentsAtCarryingValue,13299000000.0,Assets,2022-12-31,1486000000,soma longo + curto prazo,5/5,7245.0,2814.0,1768.0,355.0,74.0,399.0,5032.0,,1486.0,0.0,1486.0,1470.0,27.0,13299.0,433.0,0.0296,0.05,1.09,0.3884057971014493,0.18546365914786966,efetiva,289160401.00250626,5048000000.0,0.05728217135548856,0.2953100158982512,1.3521894063457531,0.09720947031728766,0.01816958277254374,0.014799785466357684,6518000000,0.7720159558146671,0.2279840441853329,0.07842137708493388,-0.021139205729445318,
NOW,"ServiceNow, Inc.",1373715,medio,2023,8971000000,RevenueFromContractWithCustomerExcludingAssessedTax,3301000000.0,SellingAndMarketingExpense,2124000000.0,ResearchAndDevelopmentExpense,762000000,OperatingIncomeLoss,-723000000,IncomeTaxExpenseBenefit,1008000000.0,IncomeLossFromContinuingOperationsBeforeIncomeTaxesExtraordinaryItemsNoncontrollingInterest,23000000.0,ajuste manual (10-K),562000000.0,DepreciationDepletionAndAmortization,7628000000,StockholdersEquity,,,1488000000.0,ConvertibleLongTermNotesPayable,,,1897000000.0,CashAndCashEquivalentsAtCarryingValue,17387000000.0,Assets,2023-12-31,1488000000,soma longo + curto prazo,5/5,8971.0,3301.0,2124.0,762.0,-723.0,1008.0,7628.0,,1488.0,,1488.0,1897.0,23.0,17387.0,562.0,0.0396,0.045,1.07,0.36796343774384127,0.0,efetiva_limitada,762000000.0,7219000000.0,0.10555478598143787,0.19507079181961196,1.2787257472469848,0.09714265862611432,0.015456989247311828,0.015456989247311828,9116000000,0.8367705133830627,0.16322948661693726,0.08380914874945151,0.02174563723198636,
NOW,"ServiceNow, Inc.",1373715,medio,2024,10984000000,RevenueFromContractWithCustomerExcludingAssessedTax,3854000000.0,SellingAndMarketingExpense,2543000000.0,ResearchAndDevelopmentExpense,1364000000,OperatingIncomeLoss,313000000,IncomeTaxExpenseBenefit,1738000000.0,IncomeLossFromContinuingOperationsBeforeIncomeTaxesExtraordinaryItemsNoncontrollingInterest,23000000.0,ajuste manual (10-K),564000000.0,DepreciationDepletionAndAmortization,9609000000,StockholdersEquity,,,1489000000.0,ConvertibleLongTermNotesPayable,,,2304000000.0,CashAndCashEquivalentsAtCarryingValue,20383000000.0,Assets,2024-12-31,1489000000,soma longo + curto prazo,5/5,10984.0,3854.0,2543.0,1364.0,313.0,1738.0,9609.0,,1489.0,,1489.0,2304.0,23.0,20383.0,564.0,0.0423,0.046,1.05,0.3508739985433358,0.18009205983889529,efetiva,1118354430.3797467,8794000000.0,0.1271724392062482,0.15495889270475596,1.1834046278535624,0.09673661288126387,0.01544660846205507,0.012664796926598661,11098000000,0.8658316813840332,0.13416831861596684,0.08545683869163542,0.04171560051461279,
PAYC,"Paycom Software, Inc.",1590955,medio,2015,224653000,Revenues,68296000.0,SellingAndMarketingExpense_ManualExtraction_10K,8627000.0,ResearchAndDevelopmentExpense,34435000,OperatingIncomeLoss,12580000,IncomeTaxExpenseBenefit,33525000.0,IncomeLossFromContinuingOperationsBeforeIncomeTaxesExtraordinaryItemsNoncontrollingInterest,1427000.0,InterestExpense,9421000.0,DepreciationDepletionAndAmortization,98314000,StockholdersEquity,25742000.0,LongTermDebt,24856000.0,LongTermDebtNoncurrent,886000.0,LongTermDebtCurrent,50714000.0,CashAndCashEquivalentsAtCarryingValue,876655000.0,Assets,2015-12-31,25742000,conceito de dívida total,4/5,224.653,68.296,8.627,34.435,12.58,33.525,98.314,25.742,24.856,0.886,25.742,50.714,1.427,876.655,9.421,0.0221,0.058,1.04,0.30400662354831676,0.37524235645041015,efetiva,21513529.455630127,73342000.0,0.29333164429154,0.2618345301788148,1.2101264490374075,0.09228733404416964,0.05543469815865123,0.03463325139248173,124056000,0.7924969368672212,0.20750306313277875,0.080323935291834,0.213007708999706,
PAYC,"Paycom Software, Inc.",1590955,medio,2016,329141000,RevenueFromContractWithCustomerExcludingAssessedTax,90952000.0,SellingAndMarketingExpense_ManualExtraction_10K,20966000.0,ResearchAndDevelopmentExpense,101740000,OperatingIncomeLoss,30591000,IncomeTaxExpenseBenefit,101012000.0,IncomeLossFromContinuingOperationsBeforeIncomeTaxesExtraordinaryItemsNoncontrollingInterest,1036000.0,InterestExpense,13632000.0,DepreciationDepletionAndAmortization,205693000,StockholdersEquity,29824000.0,LongTermDebt,28711000.0,LongTermDebtNoncurrent,1113000.0,LongTermDebtCurrent,60158000.0,CashAndCashEquivalentsAtCarryingValue,1078613000.0,Assets,2016-12-31,29824000,conceito de dívida total,4/5,329.141,90.952,20.966,101.74,30.591,101.012,205.693,29.824,28.711,1.113,29.824,60.158,1.036,1078.613,13.632,0.0184,0.062,1.1,0.27633142027277063,0.3028452065101176,efetiva,70928528.68966064,175359000.0,0.40447612434868263,0.1449927805029826,1.2111906531439889,0.09349382049492731,0.034737124463519314,0.02421715283179715,235517000,0.8733679522072717,0.12663204779272833,0.08472117420448887,0.31975495014419375,
PAYC,"Paycom Software, Inc.",1590955,medio,2017,433047000,RevenueFromContractWithCustomerExcludingAssessedTax,116841000.0,SellingAndMarketingExpense_ManualExtraction_10K,30430000.0,ResearchAndDevelopmentExpense,129710000,OperatingIncomeLoss,4246000,IncomeTaxExpenseBenefit,127732000.0,IncomeLossFromContinuingOperationsBeforeIncomeTaxesExtraordinaryItemsNoncontrollingInterest,911000.0,InterestExpense,19395000.0,DepreciationDepletionAndAmortization,281247000,StockholdersEquity,35302000.0,LongTermDebt,34414000.0,LongTermDebtNoncurrent,888000.0,LongTermDebtCurrent,46077000.0,CashAndCashEquivalentsAtCarryingValue,1550138000.0,Assets,2017-12-31,35302000,conceito de dívida total,4/5,433.047,116.841,30.43,129.71,4.246,127.732,281.247,35.302,34.414,0.888,35.302,46.077,0.911,1550.138,19.395,0.0233,0.057,1.11,0.26981135996785566,0.03324147433689287,efetiva,125398248.36376163,270472000.0,0.46362746740424754,0.1255195610975406,1.2446952874696782,0.09424763138577166,0.025805903348252224,0.02494807707436096,316549000,0.8884785609810804,0.11152143901891966,0.08651924536559337,0.3771082220386542,
PAYC,"Paycom Software, Inc.",1590955,medio,2018,566336000,RevenueFromContractWithCustomerExcludingAssessedTax,152459000.0,SellingAndMarketingExpense_ManualExtraction_10K,46247000.0,ResearchAndDevelopmentExpense,173715000,OperatingIncomeLoss,37646000,IncomeTaxExpenseBenefit,174711000.0,IncomeLossFromContinuingOperationsBeforeIncomeTaxesExtraordinaryItemsNoncontrollingInterest,766000.0,InterestExpense,29657000.0,DepreciationDepletionAndAmortization,334753000,StockholdersEquity,34389000.0,LongTermDebt,32614000.0,LongTermDebtNoncurrent,1775000.0,LongTermDebtCurrent,45718000.0,CashAndCashEquivalentsAtCarryingValue,1521926000.0,Assets,2018-12-31,34389000,conceito de dívida total,4/5,566.336,152.459,46.247,173.715,37.646,174.711,334.753,34.389,32.614,1.775,34.389,45.718,0.766,1521.926,29.657,0.0291,0.053,1.15,0.2692023816250424,0.21547584296352262,efetiva,136283613.93959168,323424000.0,0.42137755373624614,0.10272947516527112,1.242682818142859,0.09496218936157153,0.022274564540986943,0.017474933969872392,369142000,0.9068407279583467,0.09315927204165335,0.08774353305677517,0.33363402067947096,
PAYC,"Paycom Software, Inc.",1590955,medio,2019,737671000,RevenueFromContractWithCustomerExcludingAssessedTax,199401000.0,SellingAndMarketingExpense_ManualExtraction_10K,73080000.0,ResearchAndDevelopmentExpense,226224000,OperatingIncomeLoss,45511000,IncomeTaxExpenseBenefit,226087000.0,IncomeLossFromContinuingOperationsBeforeIncomeTaxesExtraordinaryItemsNoncontrollingInterest,940000.0,InterestExpense,42211000.0,DepreciationDepletionAndAmortization,526628000,StockholdersEquity,32633000.0,LongTermDebt,30858000.0,LongTermDebtNoncurrent,1775000.0,LongTermDebtCurrent,133667000.0,CashAndCashEquivalentsAtCarryingValue,2486917000.0,Assets,2019-12-31,32633000,conceito de dívida total,4/5,737.671,199.401,73.08,226.224,45.511,226.087,526.628,32.633,30.858,1.775,32.633,133.667,0.94,2486.917,42.211,0.0241,0.056,1.17,0.27031156165824605,0.2012986151348817,efetiva,180685422.08972654,425594000.0,0.4245488002409022,0.061965941803322266,1.2279059717333582,0.09286273441706806,0.028805197193025465,0.023006750889382258,559261000,0.9416497842688833,0.0583502157311166,0.08878662270811827,0.3357621775327839,
PAYC,"Paycom Software, Inc.",1590955,medio,2020,841434000,RevenueFromContractWithCustomerExcludingAssessedTax,193527000.0,SellingAndMarketingExpense_ManualExtraction_10K,90244000.0,ResearchAndDevelopmentExpense,186123000,OperatingIncomeLoss,42483000,IncomeTaxExpenseBenefit,185936000.0,IncomeLossFromContinuingOperationsBeforeIncomeTaxesExtraordinaryItemsNoncontrollingInterest,19000.0,InterestExpense,53373000.0,DepreciationDepletionAndAmortization,655643000,StockholdersEquity,30894000.0,LongTermDebt,29119000.0,LongTermDebtNoncurrent,1775000.0,LongTermDebtCurrent,151710000.0,CashAndCashEquivalentsAtCarryingValue,2607912000.0,Assets,2020-12-31,30894000,conceito de dívida total,4/5,841.434,193.527,90.244,186.123,42.483,185.936,655.643,30.894,29.119,1.775,30.894,151.71,0.019,2607.912,53.373,0.0093,0.072,1.21,0.22999664857849814,0.22848184321486964,efetiva,143597273.8953188,534827000.0,0.2684929405122008,0.04712015532843331,1.2539884070175704,0.09958716530526507,0.0006150061500615006,0.00047448841130696826,686537000,0.9550002403366461,0.04499975966335391,0.0951271186654453,0.17336582184675547,
PAYC,"Paycom Software, Inc.",1590955,medio,2021,1055524000,RevenueFromContractWithCustomerExcludingAssessedTax,253178000.0,SellingAndMarketingExpense_ManualExtraction_10K,118426000.0,ResearchAndDevelopmentExpense,253567000,OperatingIncomeLoss,60002000,IncomeTaxExpenseBenefit,255962000.0,IncomeLossFromContinuingOperationsBeforeIncomeTaxesExtraordinaryItemsNoncontrollingInterest,0.0,ajuste manual (10-K),67222000.0,DepreciationDepletionAndAmortization,893700000,StockholdersEquity,29155000.0,LongTermDebt,27380000.0,LongTermDebtNoncurrent,1775000.0,LongTermDebtCurrent,277978000.0,CashAndCashEquivalentsAtCarryingValue,3215145000.0,Assets,2021-12-31,29155000,conceito de dívida total,4/5,1055.524,253.178,118.426,253.567,60.002,255.962,893.7,29.155,27.38,1.775,29.155,277.978,0.0,3215.145,67.222,0.0148,0.048,1.18,0.23986001265722048,0.2344176088638157,efetiva,194126430.17322886,644877000.0,0.3010286150277167,0.03262280407295513,1.2094710243303335,0.07285460916785601,0.0,0.0,922855000,0.9684078213803902,0.0315921786196098,0.07055297334176323,0.23047564168595347,
PAYC,"Paycom Software, Inc.",1590955,medio,2022,1375200000,RevenueFromContractWithCustomerExcludingAssessedTax,312500000.0,SellingAndMarketingExpense_ManualExtraction_10K,148300000.0,ResearchAndDevelopmentExpense,378700000,OperatingIncomeLoss,108200000,IncomeTaxExpenseBenefit,389600000.0,IncomeLossFromContinuingOperationsBeforeIncomeTaxesExtraordinaryItemsNoncontrollingInterest,2500000.0,InterestExpense,92700000.0,DepreciationDepletionAndAmortization,1182600000,StockholdersEquity,29000000.0,LongTermDebt,29000000.0,LongTermDebtNoncurrent,0.0,LongTermDebtCurrent,400700000.0,CashAndCashEquivalentsAtCarryingValue,3902513000.0,Assets,2022-12-31,29000000,conceito de dívida total,4/5,1375.2,312.5,148.3,378.7,108.2,389.6,1182.6,29.0,29.0,0.0,29.0,400.7,2.5,3902.513,92.7,0.0296,0.05,1.09,0.22723967422920302,0.2777207392197125,efetiva,273527156.0574949,810900000.0,0.33731305470155987,0.02452223913411128,1.1093059761823651,0.08506529880911826,0.08620689655172414,0.06226545351554203,1211600000,0.9760647078243645,0.023935292175635524,0.08451957785045722,0.25279347685110265,
PAYC,"Paycom Software, Inc.",1590955,medio,2023,1693700000,RevenueFromContractWithCustomerExcludingAssessedTax,347300000.0,SellingAndMarketingExpense_ManualExtraction_10K,199000000.0,ResearchAndDevelopmentExpense,451300000,OperatingIncomeLoss,131600000,IncomeTaxExpenseBenefit,472400000.0,IncomeLossFromContinuingOperationsBeforeIncomeTaxesExtraordinaryItemsNoncontrollingInterest,1900000.0,InterestExpense,113900000.0,DepreciationDepletionAndAmortization,1303000000,StockholdersEquity,,,,,,,294000000.0,CashAndCashEquivalentsAtCarryingValue,4197500000.0,Assets,2023-12-31,0,sem dívida divulgada,4/5,1693.7,347.3,199.0,451.3,131.6,472.4,1303.0,,,,0.0,294.0,1.9,4197.5,113.9,0.0396,0.045,1.07,0.20505402373501802,0.2785774767146486,efetiva,325577984.7586791,1009000000.0,0.32267391948332913,0.0,1.07,0.08775,0.0,0.0,1303000000,1.0,0.0,0.08775,0.23492391948332914,
PAYC,"Paycom Software, Inc.",1590955,medio,2024,1883200000,RevenueFromContractWithCustomerExcludingAssessedTax,336100000.0,SellingAndMarketingExpense_ManualExtraction_10K,242600000.0,ResearchAndDevelopmentExpense,634300000,OperatingIncomeLoss,147000000,IncomeTaxExpenseBenefit,649000000.0,IncomeLossFromContinuingOperationsBeforeIncomeTaxesExtraordinaryItemsNoncontrollingInterest,3400000.0,InterestExpense,145900000.0,DepreciationDepletionAndAmortization,1575900000,StockholdersEquity,,,,,,,402000000.0,CashAndCashEquivalentsAtCarryingValue,5859900000.0,Assets,2024-12-31,0,sem dívida divulgada,4/5,1883.2,336.1,242.6,634.3,147.0,649.0,1575.9,,,,0.0,402.0,3.4,5859.9,145.9,0.0423,0.046,1.05,0.1784728122344945,0.22650231124807396,efetiva,490629583.9753467,1173900000.0,0.41794836355340886,0.0,1.05,0.0906,0.0,0.0,1575900000,1.0,0.0,0.0906,0.32734836355340885,
PCTY,Paylocity Holding Corp,1591698,baixo,2015,152698000,Revenues,43035000.0,SellingAndMarketingExpense,19864000.0,ResearchAndDevelopmentExpense,-13921000,OperatingIncomeLoss,105000,IncomeTaxExpenseBenefit,-13867000.0,IncomeLossFromContinuingOperationsBeforeIncomeTaxesExtraordinaryItemsNoncontrollingInterest,,,8609000.0,DepreciationDepletionAndAmortization,107580000,StockholdersEquity,,,,,,,81258000.0,CashAndCashEquivalentsAtCarryingValue,720548000.0,Assets,2015-06-30,0,sem dívida divulgada,5/5,152.698,43.035,19.864,-13.921,0.105,-13.867,107.58,,,,0.0,81.258,,720.548,8.609,0.0221,0.058,1.04,0.28183080328491533,0.35,estatutaria,-9048650.0,26322000.0,-0.34376757085327864,0.0,1.04,0.08242000000000001,0.0,0.0,107580000,1.0,0.0,0.08242000000000001,-0.42618757085327863,
PCTY,Paylocity Holding Corp,1591698,baixo,2016,230701000,Revenues,61832000.0,SellingAndMarketingExpense,26736000.0,ResearchAndDevelopmentExpense,-3550000,OperatingIncomeLoss,177000,IncomeTaxExpenseBenefit,-3674000.0,IncomeLossFromContinuingOperationsBeforeIncomeTaxesExtraordinaryItemsNoncontrollingInterest,,,13873000.0,DepreciationDepletionAndAmortization,119572000,StockholdersEquity,,,,,,,86496000.0,CashAndCashEquivalentsAtCarryingValue,1390689000.0,Assets,2016-06-30,0,sem dívida divulgada,5/5,230.701,61.832,26.736,-3.55,0.177,-3.674,119.572,,,,0.0,86.496,,1390.689,13.873,0.0184,0.062,1.1,0.2680179106289093,0.35,estatutaria,-2307500.0,33076000.0,-0.06976357479743621,0.0,1.1,0.08660000000000001,0.0,0.0,119572000,1.0,0.0,0.08660000000000001,-0.15636357479743623,
PCTY,Paylocity Holding Corp,1591698,baixo,2017,300010000,Revenues,77506000.0,SellingAndMarketingExpense,29098000.0,ResearchAndDevelopmentExpense,7296000,OperatingIncomeLoss,651000,IncomeTaxExpenseBenefit,7369000.0,IncomeLossFromContinuingOperationsBeforeIncomeTaxesExtraordinaryItemsNoncontrollingInterest,,,21027000.0,DepreciationDepletionAndAmortization,147613000,StockholdersEquity,,,,,,,103468000.0,CashAndCashEquivalentsAtCarryingValue,1137441000.0,Assets,2017-06-30,0,sem dívida divulgada,5/5,300.01,77.506,29.098,7.296,0.651,7.369,147.613,,,,0.0,103.468,,1137.441,21.027,0.0233,0.057,1.11,0.25834472184260526,0.08834305875966889,efetiva,6651449.043289456,44145000.0,0.15067276120261539,0.0,1.11,0.08657000000000001,0.0,0.0,147613000,1.0,0.0,0.08657000000000001,0.06410276120261538,
PCTY,Paylocity Holding Corp,1591698,baixo,2018,368434000,RevenueFromContractWithCustomerExcludingAssessedTax,95484000.0,SellingAndMarketingExpense,37645000.0,ResearchAndDevelopmentExpense,15949000,OperatingIncomeLoss,-21847000,IncomeTaxExpenseBenefit,16751000.0,IncomeLossFromContinuingOperationsBeforeIncomeTaxesExtraordinaryItemsNoncontrollingInterest,,,30202000.0,DepreciationDepletionAndAmortization,212824000,StockholdersEquity,,,,,,,137193000.0,CashAndCashEquivalentsAtCarryingValue,1507599000.0,Assets,2018-06-30,0,sem dívida divulgada,5/5,368.434,95.484,37.645,15.949,-21.847,16.751,212.824,,,,0.0,137.193,,1507.599,30.202,0.0291,0.053,1.15,0.25916174945851905,0.0,efetiva_limitada,15949000.0,75631000.0,0.21087913686186882,0.0,1.15,0.09004999999999999,0.0,0.0,212824000,1.0,0.0,0.09004999999999999,0.12082913686186883,
PCTY,Paylocity Holding Corp,1591698,baixo,2019,447752000,RevenueFromContractWithCustomerExcludingAssessedTax,112599000.0,SellingAndMarketingExpense,50329000.0,ResearchAndDevelopmentExpense,56224000,OperatingIncomeLoss,4223000,IncomeTaxExpenseBenefit,58046000.0,IncomeLossFromContinuingOperationsBeforeIncomeTaxesExtraordinaryItemsNoncontrollingInterest,,,34564000.0,DepreciationDepletionAndAmortization,307964000,StockholdersEquity,,,,,,,132476000.0,CashAndCashEquivalentsAtCarryingValue,1803941000.0,Assets,2019-06-30,0,sem dívida divulgada,5/5,447.752,112.599,50.329,56.224,4.223,58.046,307.964,,,,0.0,132.476,,1803.941,34.564,0.0241,0.056,1.17,0.2514762636459469,0.07275264445439823,efetiva,52133555.31819592,175488000.0,0.2970776082592309,0.0,1.17,0.08961999999999999,0.0,0.0,307964000,1.0,0.0,0.08961999999999999,0.20745760825923093,
PCTY,Paylocity Holding Corp,1591698,baixo,2020,546212000,RevenueFromContractWithCustomerExcludingAssessedTax,145134000.0,SellingAndMarketingExpense,62766000.0,ResearchAndDevelopmentExpense,66171000,OperatingIncomeLoss,2663000,IncomeTaxExpenseBenefit,67118000.0,IncomeLossFromContinuingOperationsBeforeIncomeTaxesExtraordinaryItemsNoncontrollingInterest,695000.0,ajuste manual (10-K),37913000.0,DepreciationDepletionAndAmortization,392908000,StockholdersEquity,100000000.0,LongTermDebt,,,,,250851000.0,CashAndCashEquivalentsAtCarryingValue,1985648000.0,Assets,2020-06-30,100000000,conceito de dívida total,5/5,546.212,145.134,62.766,66.171,2.663,67.118,392.908,100.0,,,100.0,250.851,0.695,1985.648,37.913,0.0093,0.072,1.21,0.26571001735589844,0.03967639083405346,efetiva,63545573.542119846,242057000.0,0.2625231806645536,0.2545125067445814,1.505741386556343,0.11771337983205668,0.00695,0.006674249083703327,492908000,0.7971223838931403,0.2028776161068597,0.09518602569125284,0.16733715497330076,
PCTY,Paylocity Holding Corp,1591698,baixo,2021,631725000,RevenueFromContractWithCustomerExcludingAssessedTax,161808000.0,SellingAndMarketingExpense,76707000.0,ResearchAndDevelopmentExpense,58043000,OperatingIncomeLoss,-13715000,IncomeTaxExpenseBenefit,57104000.0,IncomeLossFromContinuingOperationsBeforeIncomeTaxesExtraordinaryItemsNoncontrollingInterest,,,42972000.0,DepreciationDepletionAndAmortization,476930000,StockholdersEquity,,,,,,,202287000.0,CashAndCashEquivalentsAtCarryingValue,2414885000.0,Assets,2021-06-30,0,sem dívida divulgada,5/5,631.725,161.808,76.707,58.043,-13.715,57.104,476.93,,,,0.0,202.287,,2414.885,42.972,0.0148,0.048,1.18,0.2561367683723139,0.0,efetiva_limitada,58043000.0,274643000.0,0.2113398120469118,0.0,1.18,0.07144,0.0,0.0,476930000,1.0,0.0,0.07144,0.1398998120469118,
PCTY,Paylocity Holding Corp,1591698,baixo,2022,847694000,RevenueFromContractWithCustomerExcludingAssessedTax,214455000.0,SellingAndMarketingExpense,102908000.0,ResearchAndDevelopmentExpense,84594000,OperatingIncomeLoss,-7180000,IncomeTaxExpenseBenefit,83597000.0,IncomeLossFromContinuingOperationsBeforeIncomeTaxesExtraordinaryItemsNoncontrollingInterest,,,50218000.0,DepreciationDepletionAndAmortization,613463000,StockholdersEquity,,,,,,,139756000.0,CashAndCashEquivalentsAtCarryingValue,4809014000.0,Assets,2022-06-30,0,sem dívida divulgada,5/5,847.694,214.455,102.908,84.594,-7.18,83.597,613.463,,,,0.0,139.756,,4809.014,50.218,0.0296,0.05,1.09,0.25298633705086976,0.0,efetiva_limitada,84594000.0,473707000.0,0.17857874171164875,0.0,1.09,0.08410000000000001,0.0,0.0,613463000,1.0,0.0,0.08410000000000001,0.09447874171164874,
PCTY,Paylocity Holding Corp,1591698,baixo,2023,1098036000,RevenueFromContractWithCustomerExcludingAssessedTax,296716000.0,SellingAndMarketingExpense,163994000.0,ResearchAndDevelopmentExpense,155026000,OperatingIncomeLoss,17792000,IncomeTaxExpenseBenefit,158614000.0,IncomeLossFromContinuingOperationsBeforeIncomeTaxesExtraordinaryItemsNoncontrollingInterest,,,60866000.0,DepreciationDepletionAndAmortization,842863000,StockholdersEquity,,,,,,,288767000.0,CashAndCashEquivalentsAtCarryingValue,3695680000.0,Assets,2023-06-30,0,sem dívida divulgada,5/5,1098.036,296.716,163.994,155.026,17.792,158.614,842.863,,,,0.0,288.767,,3695.68,60.866,0.0396,0.045,1.07,0.270224291371139,0.11217168724072277,efetiva,137636472.0138197,554096000.0,0.24839824148490458,0.0,1.07,0.08775,0.0,0.0,842863000,1.0,0.0,0.08775,0.16064824148490459,
PCTY,Paylocity Holding Corp,1591698,baixo,2024,1281680000,RevenueFromContractWithCustomerExcludingAssessedTax,334954000.0,SellingAndMarketingExpense,178333000.0,ResearchAndDevelopmentExpense,260093000,OperatingIncomeLoss,70249000,IncomeTaxExpenseBenefit,277015000.0,IncomeLossFromContinuingOperationsBeforeIncomeTaxesExtraordinaryItemsNoncontrollingInterest,,,76426000.0,DepreciationDepletionAndAmortization,1033064000,StockholdersEquity,0.0,LongTermDebt,,,,,401811000.0,CashAndCashEquivalentsAtCarryingValue,4245460000.0,Assets,2024-06-30,0,sem dívida divulgada,5/5,1281.68,334.954,178.333,260.093,70.249,277.015,1033.064,0.0,,,0.0,401.811,,4245.46,76.426,0.0423,0.046,1.05,0.2613398040072405,0.2535927657347075,efetiva,194135296.78176272,631253000.0,0.30753960263438385,0.0,1.05,0.0906,0.0,0.0,1033064000,1.0,0.0,0.0906,0.21693960263438383,
PRGS,PROGRESS SOFTWARE CORP /MA,876167,baixo,2015,377554000,Revenues,124867000.0,SellingAndMarketingExpense,,,14754000,OperatingIncomeLoss,21155000,IncomeTaxExpenseBenefit,12354000.0,IncomeLossFromContinuingOperationsBeforeIncomeTaxesExtraordinaryItemsNoncontrollingInterest,3788000.0,InterestExpense,9400000.0,DepreciationDepletionAndAmortization,522464000,StockholdersEquity,144375000.0,LongTermDebt,135000000.0,LongTermDebtNoncurrent,9375000.0,LongTermDebtCurrent,212379000.0,CashAndCashEquivalentsAtCarryingValue,877123000.0,Assets,2015-11-30,144375000,conceito de dívida total,5/5,377.554,124.867,,14.754,21.155,12.354,522.464,144.375,135.0,9.375,144.375,212.379,3.788,877.123,9.4,0.0221,0.058,1.04,0.3307262007553886,1.0,efetiva_limitada,0.0,454460000.0,0.0,0.27633482881117166,1.04,0.08242000000000001,0.026237229437229437,0.0,666839000,0.7834934669387963,0.21650653306120368,0.0645755315450956,-0.0645755315450956,
PRGS,PROGRESS SOFTWARE CORP /MA,876167,baixo,2016,405341000,RevenueFromContractWithCustomerExcludingAssessedTax,121501000.0,SellingAndMarketingExpense,,,-29709000,OperatingIncomeLoss,20446000,IncomeTaxExpenseBenefit,-35280000.0,IncomeLossFromContinuingOperationsBeforeIncomeTaxesExtraordinaryItemsNoncontrollingInterest,4178000.0,InterestExpense,8500000.0,DepreciationDepletionAndAmortization,442729000,StockholdersEquity,135000000.0,LongTermDebt,120000000.0,LongTermDebtNoncurrent,15000000.0,LongTermDebtCurrent,207036000.0,CashAndCashEquivalentsAtCarryingValue,754827000.0,Assets,2016-11-30,135000000,conceito de dívida total,5/5,405.341,121.501,,-29.709,20.446,-35.28,442.729,135.0,120.0,15.0,135.0,207.036,4.178,754.827,8.5,0.0184,0.062,1.1,0.29975008696381567,0.35,estatutaria,-19310850.0,370693000.0,-0.0520939159897813,0.30492694176347157,1.3180227633608823,0.1001174113283747,0.030948148148148148,0.020116296296296295,577729000,0.7663264264040752,0.23367357359592472,0.08142326488717029,-0.13351718087695158,
PRGS,PROGRESS SOFTWARE CORP /MA,876167,baixo,2017,389154000,RevenueFromContractWithCustomerExcludingAssessedTax,101051000.0,SellingAndMarketingExpense,,,57490000,OperatingIncomeLoss,23442000,IncomeTaxExpenseBenefit,52463000.0,IncomeLossFromContinuingOperationsBeforeIncomeTaxesExtraordinaryItemsNoncontrollingInterest,4631000.0,InterestExpense,7500000.0,DepreciationDepletionAndAmortization,404381000,StockholdersEquity,123750000.0,LongTermDebt,116090000.0,LongTermDebtNoncurrent,5819000.0,LongTermDebtCurrent,133464000.0,CashAndCashEquivalentsAtCarryingValue,718718000.0,Assets,2017-11-30,123750000,conceito de dívida total,5/5,389.154,101.051,,57.49,23.442,52.463,404.381,123.75,116.09,5.819,123.75,133.464,4.631,718.718,7.5,0.0233,0.057,1.11,0.2596684089075276,0.4468291939080876,efetiva,31801789.642224044,394667000.0,0.0805787908343592,0.3060232800255205,1.2979042903890152,0.09728054455217387,0.037422222222222225,0.020700880832417345,528131000,0.765683135434201,0.234316864565799,0.07933663785985724,0.0012421529745019616,
PRGS,PROGRESS SOFTWARE CORP /MA,876167,baixo,2018,378981000,RevenueFromContractWithCustomerExcludingAssessedTax,93036000.0,SellingAndMarketingExpense,,,67814000,OperatingIncomeLoss,11126000,IncomeTaxExpenseBenefit,60796000.0,IncomeLossFromContinuingOperationsBeforeIncomeTaxesExtraordinaryItemsNoncontrollingInterest,5149000.0,InterestExpense,6900000.0,DepreciationDepletionAndAmortization,324002000,StockholdersEquity,117563000.0,LongTermDebt,110270000.0,LongTermDebtNoncurrent,5819000.0,LongTermDebtCurrent,105126000.0,CashAndCashEquivalentsAtCarryingValue,644150000.0,Assets,2018-11-30,117563000,conceito de dívida total,5/5,378.981,93.036,,67.814,11.126,60.796,324.002,117.563,110.27,5.819,117.563,105.126,5.149,644.15,6.9,0.0291,0.053,1.15,0.2454898794398664,0.1830054608855846,efetiva,55403667.67550497,336439000.0,0.1646767101183423,0.3628465256387306,1.4909101744810038,0.1081182392474932,0.043797793523472524,0.03578255813393776,441565000,0.733758336824703,0.26624166317529696,0.08885946720090228,0.07581724291744003,
PRGS,PROGRESS SOFTWARE CORP /MA,876167,baixo,2019,413298000,RevenueFromContractWithCustomerExcludingAssessedTax,101701000.0,SellingAndMarketingExpense,,,40084000,OperatingIncomeLoss,2095000,IncomeTaxExpenseBenefit,28495000.0,IncomeLossFromContinuingOperationsBeforeIncomeTaxesExtraordinaryItemsNoncontrollingInterest,9913000.0,InterestExpense,7600000.0,DepreciationDepletionAndAmortization,330282000,StockholdersEquity,297238000.0,LongTermDebt,284002000.0,LongTermDebtNoncurrent,10717000.0,LongTermDebtCurrent,154259000.0,CashAndCashEquivalentsAtCarryingValue,881271000.0,Assets,2019-11-30,297238000,conceito de dívida total,5/5,413.298,101.701,,40.084,2.095,28.495,330.282,297.238,284.002,10.717,297.238,154.259,9.913,881.271,7.6,0.0241,0.056,1.17,0.24607184162517118,0.07352167046850325,efetiva,37136957.360940516,473261000.0,0.07847035221778367,0.8999521620917882,2.1455298256778788,0.1442496702379612,0.03335037915744286,0.030898403571029704,627520000,0.5263290413054564,0.4736709586945436,0.0905584670865949,-0.012088114868811228,
PRGS,PROGRESS SOFTWARE CORP /MA,876167,baixo,2020,442150000,RevenueFromContractWithCustomerExcludingAssessedTax,100113000.0,SellingAndMarketingExpense,,,107728000,OperatingIncomeLoss,16913000,IncomeTaxExpenseBenefit,96635000.0,IncomeLossFromContinuingOperationsBeforeIncomeTaxesExtraordinaryItemsNoncontrollingInterest,10170000.0,InterestExpense,6100000.0,DepreciationDepletionAndAmortization,346013000,StockholdersEquity,384450000.0,LongTermDebt,364260000.0,LongTermDebtNoncurrent,18242000.0,LongTermDebtCurrent,97990000.0,CashAndCashEquivalentsAtCarryingValue,1041782000.0,Assets,2020-11-30,384450000,conceito de dívida total,5/5,442.15,100.113,,107.728,16.913,96.635,346.013,384.45,364.26,18.242,384.45,97.99,10.17,1041.782,6.1,0.0093,0.072,1.21,0.22642315956123488,0.17501940290784912,efetiva,88873509.76354323,632473000.0,0.1405174762615056,1.1110854216460075,2.319114936629588,0.17627627543733032,0.026453374951229028,0.02182352106236747,730463000,0.4736899747146673,0.5263100252853328,0.09498624237685435,0.045531233884651245,
PRGS,PROGRESS SOFTWARE CORP /MA,876167,baixo,2021,531313000,RevenueFromContractWithCustomerExcludingAssessedTax,125890000.0,SellingAndMarketingExpense,,,116102000,OperatingIncomeLoss,17114000,IncomeTaxExpenseBenefit,95534000.0,IncomeLossFromContinuingOperationsBeforeIncomeTaxesExtraordinaryItemsNoncontrollingInterest,20045000.0,InterestExpense,5500000.0,DepreciationDepletionAndAmortization,412489000,StockholdersEquity,627137000.0,DebtInstrumentCarryingAmount,534527000.0,LongTermDebtNoncurrent,25767000.0,LongTermDebtCurrent,155406000.0,CashAndCashEquivalentsAtCarryingValue,1363537000.0,Assets,2021-11-30,627137000,conceito de dívida total,5/5,531.313,125.89,,116.102,17.114,95.534,412.489,627.137,534.527,25.767,627.137,155.406,20.045,1363.537,5.5,0.0148,0.048,1.18,0.23694131331249188,0.17914041074381895,efetiva,95303440.03182113,884220000.0,0.10778249760446623,1.520372664483174,2.652654727443101,0.14212742691726885,0.03196271309139789,0.026236899539718035,1039626000,0.3967667218788295,0.6032332781211704,0.07221840418411761,0.03556409342034862,
PRGS,PROGRESS SOFTWARE CORP /MA,876167,baixo,2022,602013000,RevenueFromContractWithCustomerExcludingAssessedTax,140760000.0,SellingAndMarketingExpense,,,132131000,OperatingIncomeLoss,22186000,IncomeTaxExpenseBenefit,117255000.0,IncomeLossFromContinuingOperationsBeforeIncomeTaxesExtraordinaryItemsNoncontrollingInterest,15790000.0,InterestExpense,5000000.0,DepreciationDepletionAndAmortization,398504000,StockholdersEquity,628125000.0,DebtInstrumentCarryingAmount,611845000.0,LongTermDebtNoncurrent,6234000.0,LongTermDebtCurrent,256277000.0,CashAndCashEquivalentsAtCarryingValue,1411479000.0,Assets,2022-11-30,628125000,conceito de dívida total,5/5,602.013,140.76,,132.131,22.186,117.255,398.504,628.125,611.845,6.234,628.125,256.277,15.79,1411.479,5.0,0.0296,0.05,1.09,0.23381554883366307,0.1892115474819837,efetiva,107130289.019658,770352000.0,0.13906667214423796,1.5762075161102524,2.4829882295893846,0.15374941147946924,0.025138308457711443,0.02038185021334842,1026629000,0.3881674879630324,0.6118325120369675,0.07215080144577436,0.0669158706984636,
PRGS,PROGRESS SOFTWARE CORP /MA,876167,baixo,2023,694439000,RevenueFromContractWithCustomerExcludingAssessedTax,156076000.0,SellingAndMarketingExpense,,,110523000,OperatingIncomeLoss,9460000,IncomeTaxExpenseBenefit,79657000.0,IncomeLossFromContinuingOperationsBeforeIncomeTaxesExtraordinaryItemsNoncontrollingInterest,30780000.0,InterestExpense,6300000.0,DepreciationDepletionAndAmortization,459715000,StockholdersEquity,731250000.0,DebtInstrumentCarryingAmount,710883000.0,LongTermDebtNoncurrent,13109000.0,LongTermDebtCurrent,126958000.0,CashAndCashEquivalentsAtCarryingValue,1602783000.0,Assets,2023-11-30,731250000,conceito de dívida total,5/5,694.439,156.076,,110.523,9.46,79.657,459.715,731.25,710.883,13.109,731.25,126.958,30.78,1602.783,6.3,0.0396,0.045,1.07,0.22475120204942406,0.11875917998418219,efetiva,97397379.15060823,1064007000.0,0.09153828795356443,1.5906594302992072,2.569876802173361,0.15524445609780124,0.04209230769230769,0.03709345974712735,1190965000,0.38600210753464625,0.6139978924653537,0.08269999334580577,0.00883829460775866,
PRGS,PROGRESS SOFTWARE CORP /MA,876167,baixo,2024,753409000,RevenueFromContractWithCustomerExcludingAssessedTax,164570000.0,SellingAndMarketingExpense,,,124003000,OperatingIncomeLoss,25826000,IncomeTaxExpenseBenefit,94264000.0,IncomeLossFromContinuingOperationsBeforeIncomeTaxesExtraordinaryItemsNoncontrollingInterest,32012000.0,InterestExpenseNonoperating,6400000.0,DepreciationDepletionAndAmortization,438788000,StockholdersEquity,1526267000.0,LongTermDebt,1526267000.0,LongTermDebtNoncurrent,0.0,LongTermDebtCurrent,118077000.0,CashAndCashEquivalentsAtCarryingValue,2526966000.0,Assets,2024-11-30,1526267000,conceito de dívida total,5/5,753.409,164.57,,124.003,25.826,94.264,438.788,1526.267,1526.267,0.0,1526.267,118.077,32.012,2526.966,6.4,0.0423,0.046,1.05,0.2184338121790422,0.2739752185351778,efetiva,90029250.97598235,1846978000.0,0.04874408410711029,3.478369964538684,3.7016519330258992,0.21257598891919136,0.020974049756693945,0.015227679891036029,1965055000,0.2232955311683388,0.7767044688316612,0.059294675380651446,-0.010550591273541153,
PTC,PTC INC.,857005,medio,2015,1255242000,SalesRevenueNet,346794000.0,SellingAndMarketingExpense,227513000.0,ResearchAndDevelopmentExpense,41616000,OperatingIncomeLoss,-21032000,IncomeTaxExpenseBenefit,26525000.0,IncomeLossFromContinuingOperationsBeforeIncomeTaxesExtraordinaryItemsNoncontrollingInterest,14742000.0,InterestExpense,84433000.0,DepreciationDepletionAndAmortization,860171000,StockholdersEquity,0.0,SeniorNotes,618125000.0,LongTermLineOfCredit,618125000.0,LineOfCredit,273417000.0,CashAndCashEquivalentsAtCarryingValue,2209913000.0,Assets,2015-09-30,1236250000,soma longo + curto prazo,5/5,1255.242,346.794,227.513,41.616,-21.032,26.525,860.171,0.0,618.125,618.125,1236.25,273.417,14.742,2209.913,84.433,0.0221,0.058,1.04,0.27627660642330326,0.0,efetiva_limitada,41616000.0,1823004000.0,0.022828254902347994,1.4372142283336686,2.5347027974670153,0.1691127622530869,0.011924772497472194,0.011924772497472194,2096421000,0.4103045142173256,0.5896954857826744,0.07641971427494765,-0.053591459372599654,
PTC,PTC INC.,857005,medio,2016,1140533000,SalesRevenueNet,367465000.0,SellingAndMarketingExpense,229331000.0,ResearchAndDevelopmentExpense,-37014000,OperatingIncomeLoss,-12727000,IncomeTaxExpenseBenefit,-67192000.0,IncomeLossFromContinuingOperationsBeforeIncomeTaxesExtraordinaryItemsNoncontrollingInterest,29882000.0,InterestExpense,86554000.0,DepreciationDepletionAndAmortization,842666000,StockholdersEquity,500000000.0,SeniorNotes,751601000.0,LongTermLineOfCredit,758125000.0,LineOfCredit,277935000.0,CashAndCashEquivalentsAtCarryingValue,2345729000.0,Assets,2016-09-30,1509726000,soma longo + curto prazo,5/5,1140.533,367.465,229.331,-37.014,-12.727,-67.192,842.666,500.0,751.601,758.125,1509.726,277.935,29.882,2345.729,86.554,0.0184,0.062,1.1,0.3221870827060681,0.35,estatutaria,-24059100.0,2074457000.0,-0.011597781973788803,1.791606638929303,2.380998746834452,0.16602192230373602,0.01979299555018593,0.012865447107620854,2352392000,0.35821665776792305,0.641783342232077,0.06772864776788903,-0.07932642974167783,
PTC,PTC INC.,857005,medio,2017,1164039000,RevenueFromContractWithCustomerExcludingAssessedTax,372702000.0,SellingAndMarketingExpense,236028000.0,ResearchAndDevelopmentExpense,41766000,OperatingIncomeLoss,-7645000,IncomeTaxExpenseBenefit,-1406000.0,IncomeLossFromContinuingOperationsBeforeIncomeTaxesExtraordinaryItemsNoncontrollingInterest,42400000.0,InterestExpense,86742000.0,DepreciationDepletionAndAmortization,885436000,StockholdersEquity,500000000.0,SeniorNotes,712406000.0,LongTermLineOfCredit,,,280003000.0,CashAndCashEquivalentsAtCarryingValue,2360384000.0,Assets,2017-09-30,712406000,soma longo + curto prazo,5/5,1164.039,372.702,236.028,41.766,-7.645,-1.406,885.436,500.0,712.406,,712.406,280.003,42.4,2360.384,86.742,0.0233,0.057,1.11,0.3201799939692742,0.35,estatutaria,27147900.0,1317839000.0,0.020600316123593247,0.8045821493591857,1.6905060207626526,0.1196588431834712,0.05951662394758045,0.038685805565927295,1597842000,0.5541449029378374,0.4458550970621626,0.083556601637083,-0.06295628551348975,
PTC,PTC INC.,857005,medio,2018,1241824000,RevenueFromContractWithCustomerExcludingAssessedTax,414764000.0,SellingAndMarketingExpense,249786000.0,ResearchAndDevelopmentExpense,72613000,OperatingIncomeLoss,-23331000,IncomeTaxExpenseBenefit,28656000.0,IncomeLossFromContinuingOperationsBeforeIncomeTaxesExtraordinaryItemsNoncontrollingInterest,41673000.0,InterestExpense,87408000.0,DepreciationDepletionAndAmortization,874589000,StockholdersEquity,643268000.0,LongTermDebt,643268000.0,LongTermLineOfCredit,,,259946000.0,CashAndCashEquivalentsAtCarryingValue,2329022000.0,Assets,2018-09-30,643268000,conceito de dívida total,5/5,1241.824,414.764,249.786,72.613,-23.331,28.656,874.589,643.268,643.268,,643.268,259.946,41.673,2329.022,87.408,0.0291,0.053,1.15,0.3339957997268534,0.0,efetiva_limitada,72613000.0,1257911000.0,0.05772506957964435,0.7355089076126043,1.995835243754495,0.13487926791898824,0.06478326296349267,0.06478326296349267,1517857000,0.5761998659952815,0.4238001340047185,0.1051725716256538,-0.04744750204600945,
PTC,PTC INC.,857005,medio,2019,1255631000,RevenueFromContractWithCustomerExcludingAssessedTax,417449000.0,SellingAndMarketingExpense,246888000.0,ResearchAndDevelopmentExpense,63042000,OperatingIncomeLoss,47760000,IncomeTaxExpenseBenefit,20300000.0,IncomeLossFromContinuingOperationsBeforeIncomeTaxesExtraordinaryItemsNoncontrollingInterest,43047000.0,InterestExpense,77824000.0,DepreciationDepletionAndAmortization,1201998000,StockholdersEquity,669134000.0,LongTermDebt,669134000.0,LongTermLineOfCredit,,,269579000.0,CashAndCashEquivalentsAtCarryingValue,2664588000.0,Assets,2019-09-30,669134000,conceito de dívida total,5/5,1255.631,417.449,246.888,63.042,47.76,20.3,1201.998,669.134,669.134,,669.134,269.579,43.047,2664.588,77.824,0.0241,0.056,1.17,0.332461527311766,1.0,efetiva_limitada,0.0,1601553000.0,0.0,0.5566847864971489,1.17,0.08961999999999999,0.06433240576625908,0.0,1871132000,0.6423908094137667,0.35760919058623336,0.05757106433966176,-0.05757106433966176,
PTC,PTC INC.,857005,medio,2020,1458415000,RevenueFromContractWithCustomerExcludingAssessedTax,435451000.0,SellingAndMarketingExpense,256575000.0,ResearchAndDevelopmentExpense,210863000,OperatingIncomeLoss,4011000,IncomeTaxExpenseBenefit,134706000.0,IncomeLossFromContinuingOperationsBeforeIncomeTaxesExtraordinaryItemsNoncontrollingInterest,76428000.0,InterestExpense,80817000.0,DepreciationDepletionAndAmortization,1438248000,StockholdersEquity,1005314000.0,LongTermDebt,,,,,275458000.0,CashAndCashEquivalentsAtCarryingValue,3382738000.0,Assets,2020-09-30,1005314000,conceito de dívida total,5/5,1458.415,435.451,256.575,210.863,4.011,134.706,1438.248,1005.314,,,1005.314,275.458,76.428,3382.738,80.817,0.0093,0.072,1.21,0.2985782510465128,0.029775956527548886,efetiva,204584352.47873148,2168104000.0,0.09436094969555496,0.6989851541597832,2.0305883651413046,0.15550236229017392,0.07602400841926005,0.07376032084951815,2443562000,0.5885866616030205,0.41141333839697947,0.12187259613368949,-0.02751164643813453,
PTC,PTC INC.,857005,medio,2021,1807159000,RevenueFromContractWithCustomerExcludingAssessedTax,517779000.0,SellingAndMarketingExpense,299917000.0,ResearchAndDevelopmentExpense,380748000,OperatingIncomeLoss,-85168000,IncomeTaxExpenseBenefit,391755000.0,IncomeLossFromContinuingOperationsBeforeIncomeTaxesExtraordinaryItemsNoncontrollingInterest,50478000.0,InterestExpense,85239000.0,DepreciationDepletionAndAmortization,2038468000,StockholdersEquity,1439471000.0,LongTermDebt,,,,,326532000.0,CashAndCashEquivalentsAtCarryingValue,4507560000.0,Assets,2021-09-30,1439471000,conceito de dívida total,5/5,1807.159,517.779,299.917,380.748,-85.168,391.755,2038.468,1439.471,,,1439.471,326.532,50.478,4507.56,85.239,0.0148,0.048,1.18,0.2865154643282633,0.0,efetiva_limitada,380748000.0,3151407000.0,0.12081841539350519,0.7061533465327884,2.01326094890869,0.11143652554761713,0.03506704893672745,0.03506704893672745,3477939000,0.5861137875046112,0.4138862124953888,0.0798282521228808,0.04099016327062438,
PTC,PTC INC.,857005,medio,2022,1933347000,RevenueFromContractWithCustomerExcludingAssessedTax,485247000.0,SellingAndMarketingExpense,338822000.0,ResearchAndDevelopmentExpense,447362000,OperatingIncomeLoss,84017000,IncomeTaxExpenseBenefit,397098000.0,IncomeLossFromContinuingOperationsBeforeIncomeTaxesExtraordinaryItemsNoncontrollingInterest,54268000.0,InterestExpense,87694000.0,DepreciationDepletionAndAmortization,2296034000,StockholdersEquity,1350628000.0,LongTermDebt,,,0.0,LongTermDebtCurrent,272182000.0,CashAndCashEquivalentsAtCarryingValue,4687268000.0,Assets,2022-09-30,1350628000,conceito de dívida total,5/5,1933.347,485.247,338.822,447.362,84.017,397.098,2296.034,1350.628,,0.0,1350.628,272.182,54.268,4687.268,87.694,0.0296,0.05,1.09,0.25098805336031244,0.21157749472422424,efetiva,352710268.80518156,3374480000.0,0.10452285057406817,0.5882439023115511,1.5955253569793024,0.10937626784896513,0.04017982745804174,0.03167868022601767,3646662000,0.6296262170719414,0.3703737829280586,0.08059911839666979,0.023923732177398377,
PTC,PTC INC.,857005,medio,2023,2097053000,RevenueFromContractWithCustomerExcludingAssessedTax,530125000.0,SellingAndMarketingExpense,394370000.0,ResearchAndDevelopmentExpense,458474000,OperatingIncomeLoss,87026000,IncomeTaxExpenseBenefit,332566000.0,IncomeLossFromContinuingOperationsBeforeIncomeTaxesExtraordinaryItemsNoncontrollingInterest,129417000.0,InterestExpense,104760000.0,DepreciationDepletionAndAmortization,2677290000,StockholdersEquity,1686410000.0,LongTermDebt,,,9375000.0,LongTermDebtCurrent,288103000.0,CashAndCashEquivalentsAtCarryingValue,6288842000.0,Assets,2023-09-30,1686410000,conceito de dívida total,5/5,2097.053,530.125,394.37,458.474,87.026,332.566,2677.29,1686.41,,9.375,1686.41,288.103,129.417,6288.842,104.76,0.0396,0.045,1.07,0.25279523216628286,0.26168038825376017,efetiva,338500345.67574555,4075597000.0,0.08305540161987202,0.6298944081515263,1.567617832508292,0.11014280246287314,0.07674112463754366,0.056659477347361036,4363700000,0.6135366775901184,0.3864633224098815,0.08947345894520448,-0.00641805732533246,
PTC,PTC INC.,857005,medio,2024,2298472000,RevenueFromContractWithCustomerExcludingAssessedTax,558954000.0,SellingAndMarketingExpense,433047000.0,ResearchAndDevelopmentExpense,588062000,OperatingIncomeLoss,92629000,IncomeTaxExpenseBenefit,468962000.0,IncomeLossFromContinuingOperationsBeforeIncomeTaxesExtraordinaryItemsNoncontrollingInterest,119653000.0,InterestExpense,108119000.0,DepreciationDepletionAndAmortization,3214398000,StockholdersEquity,1227105000.0,LongTermDebt,,,521467000.0,LongTermDebtCurrent,265808000.0,CashAndCashEquivalentsAtCarryingValue,6383542000.0,Assets,2024-09-30,1227105000,conceito de dívida total,5/5,2298.472,558.954,433.047,588.062,92.629,468.962,3214.398,1227.105,,521.467,1227.105,265.808,119.653,6383.542,108.119,0.0423,0.046,1.05,0.24318503771201042,0.19751920198225015,efetiva,471908463.043914,4175695000.0,0.11301315422795823,0.38175266410693387,1.371666641664831,0.10539666551658222,0.09750836318000497,0.07824858909809497,4441503000,0.7237185250128166,0.2762814749871834,0.09789615492061779,0.015116999307340437,
QLYS,"QUALYS, INC.",1107843,baixo,2015,197925000,Revenues,50397000.0,SellingAndMarketingExpense,30438000.0,ResearchAndDevelopmentExpense,24806000,OperatingIncomeLoss,8655000,IncomeTaxExpenseBenefit,24520000.0,IncomeLossFromContinuingOperationsBeforeIncomeTaxesMinorityInterestAndIncomeLossFromEquityMethodInvestments,6000.0,InterestExpense,14360000.0,DepreciationDepletionAndAmortization,195566000,StockholdersEquity,,,,,,,91698000.0,CashAndCashEquivalentsAtCarryingValue,323514000.0,Assets,2015-12-31,0,sem dívida divulgada,5/5,197.925,50.397,30.438,24.806,8.655,24.52,195.566,,,,0.0,91.698,0.006,323.514,14.36,0.0221,0.058,1.04,0.25462675255778705,0.35297716150081565,efetiva,16050048.531810766,103868000.0,0.1545235157296835,0.0,1.04,0.08242000000000001,0.0,0.0,195566000,1.0,0.0,0.08242000000000001,0.0721035157296835,
QLYS,"QUALYS, INC.",1107843,baixo,2016,197925000,Revenues,58985000.0,SellingAndMarketingExpense,36591000.0,ResearchAndDevelopmentExpense,30107000,OperatingIncomeLoss,11205000,IncomeTaxExpenseBenefit,30429000.0,IncomeLossFromContinuingOperationsBeforeIncomeTaxesMinorityInterestAndIncomeLossFromEquityMethodInvestments,26000.0,InterestExpense,16994000.0,DepreciationDepletionAndAmortization,258413000,StockholdersEquity,,,,,,,86737000.0,CashAndCashEquivalentsAtCarryingValue,407004000.0,Assets,2016-12-31,0,sem dívida divulgada,5/5,197.925,58.985,36.591,30.107,11.205,30.429,258.413,,,,0.0,86.737,0.026,407.004,16.994,0.0184,0.062,1.1,0.2980169256031325,0.3682342502218279,efetiva,19020571.42857143,171676000.0,0.11079342149497559,0.0,1.1,0.08660000000000001,0.0,0.0,258413000,1.0,0.0,0.08660000000000001,0.02419342149497558,
QLYS,"QUALYS, INC.",1107843,baixo,2017,230828000,RevenueFromContractWithCustomerExcludingAssessedTax,63855000.0,SellingAndMarketingExpense,42816000.0,ResearchAndDevelopmentExpense,37243000,OperatingIncomeLoss,-1062000,IncomeTaxExpenseBenefit,39378000.0,IncomeLossFromContinuingOperationsBeforeIncomeTaxesMinorityInterestAndIncomeLossFromEquityMethodInvestments,3000.0,InterestExpense,20636000.0,DepreciationDepletionAndAmortization,343544000,StockholdersEquity,,,,,,,86591000.0,CashAndCashEquivalentsAtCarryingValue,537525000.0,Assets,2017-12-31,0,sem dívida divulgada,5/5,230.828,63.855,42.816,37.243,-1.062,39.378,343.544,,,,0.0,86.591,0.003,537.525,20.636,0.0233,0.057,1.11,0.2766345504011645,0.0,efetiva_limitada,37243000.0,256953000.0,0.14494090358937237,0.0,1.11,0.08657000000000001,0.0,0.0,343544000,1.0,0.0,0.08657000000000001,0.05837090358937236,
QLYS,"QUALYS, INC.",1107843,baixo,2018,278889000,RevenueFromContractWithCustomerExcludingAssessedTax,70039000.0,SellingAndMarketingExpense,53255000.0,ResearchAndDevelopmentExpense,50361000,OperatingIncomeLoss,-1836000,IncomeTaxExpenseBenefit,55468000.0,IncomeLossFromContinuingOperationsBeforeIncomeTaxesMinorityInterestAndIncomeLossFromEquityMethodInvestments,172000.0,InterestExpense,28904000.0,DepreciationDepletionAndAmortization,357989000,StockholdersEquity,,,,,,,41026000.0,CashAndCashEquivalentsAtCarryingValue,585680000.0,Assets,2018-12-31,0,sem dívida divulgada,5/5,278.889,70.039,53.255,50.361,-1.836,55.468,357.989,,,,0.0,41.026,0.172,585.68,28.904,0.0291,0.053,1.15,0.2511357565196189,0.0,efetiva_limitada,50361000.0,316963000.0,0.15888605294624294,0.0,1.15,0.09004999999999999,0.0,0.0,357989000,1.0,0.0,0.09004999999999999,0.06883605294624295,
QLYS,"QUALYS, INC.",1107843,baixo,2019,321607000,RevenueFromContractWithCustomerExcludingAssessedTax,70833000.0,SellingAndMarketingExpense,68239000.0,ResearchAndDevelopmentExpense,72253000,OperatingIncomeLoss,10647000,IncomeTaxExpenseBenefit,79983000.0,IncomeLossFromContinuingOperationsBeforeIncomeTaxesExtraordinaryItemsNoncontrollingInterest,106000.0,InterestExpense,31201000.0,DepreciationDepletionAndAmortization,386803000,StockholdersEquity,,,,,,,87559000.0,CashAndCashEquivalentsAtCarryingValue,675608000.0,Assets,2019-12-31,0,sem dívida divulgada,5/5,321.607,70.833,68.239,72.253,10.647,79.983,386.803,,,,0.0,87.559,0.106,675.608,31.201,0.0241,0.056,1.17,0.22024707173662264,0.13311578710475977,efetiva,62634985.03431979,299244000.0,0.20931074652898568,0.0,1.17,0.08961999999999999,0.0,0.0,386803000,1.0,0.0,0.08961999999999999,0.11969074652898569,
QLYS,"QUALYS, INC.",1107843,baixo,2020,362963000,RevenueFromContractWithCustomerExcludingAssessedTax,67965000.0,SellingAndMarketingExpense,72548000.0,ResearchAndDevelopmentExpense,96654000,OperatingIncomeLoss,10465000,IncomeTaxExpenseBenefit,102037000.0,IncomeLossFromContinuingOperationsBeforeIncomeTaxesExtraordinaryItemsNoncontrollingInterest,9000.0,InterestExpense,32845000.0,DepreciationDepletionAndAmortization,404482000,StockholdersEquity,,,,,,,74132000.0,CashAndCashEquivalentsAtCarryingValue,736819000.0,Assets,2020-12-31,0,sem dívida divulgada,5/5,362.963,67.965,72.548,96.654,10.465,102.037,404.482,,,,0.0,74.132,0.009,736.819,32.845,0.0093,0.072,1.21,0.18725049109688865,0.102560835775258,efetiva,86741084.97897822,330350000.0,0.26257328584524964,0.0,1.21,0.09641999999999999,0.0,0.0,404482000,1.0,0.0,0.09641999999999999,0.16615328584524963,
QLYS,"QUALYS, INC.",1107843,baixo,2021,411172000,RevenueFromContractWithCustomerExcludingAssessedTax,76487000.0,SellingAndMarketingExpense,81289000.0,ResearchAndDevelopmentExpense,87683000,OperatingIncomeLoss,18437000,IncomeTaxExpenseBenefit,89397000.0,IncomeLossFromContinuingOperationsBeforeIncomeTaxesExtraordinaryItemsNoncontrollingInterest,0.0,InterestExpense,35897000.0,DepreciationDepletionAndAmortization,436714000,StockholdersEquity,,,,,,,137328000.0,CashAndCashEquivalentsAtCarryingValue,814559000.0,Assets,2021-12-31,0,sem dívida divulgada,5/5,411.172,76.487,81.289,87.683,18.437,89.397,436.714,,,,0.0,137.328,0.0,814.559,35.897,0.0148,0.048,1.18,0.18602190810658314,0.2062373457722295,efetiva,69599490.8106536,299386000.0,0.23247409969288343,0.0,1.18,0.07144,0.0,0.0,436714000,1.0,0.0,0.07144,0.16103409969288343,
QLYS,"QUALYS, INC.",1107843,baixo,2022,489723000,RevenueFromContractWithCustomerExcludingAssessedTax,97221000.0,SellingAndMarketingExpense,101186000.0,ResearchAndDevelopmentExpense,130547000,OperatingIncomeLoss,25708000,IncomeTaxExpenseBenefit,133700000.0,IncomeLossFromContinuingOperationsBeforeIncomeTaxesExtraordinaryItemsNoncontrollingInterest,0.0,InterestExpense,34622000.0,DepreciationDepletionAndAmortization,289129000,StockholdersEquity,,,,,,,173719000.0,CashAndCashEquivalentsAtCarryingValue,700941000.0,Assets,2022-12-31,0,sem dívida divulgada,5/5,489.723,97.221,101.186,130.547,25.708,133.7,289.129,,,,0.0,173.719,0.0,700.941,34.622,0.0296,0.05,1.09,0.19852243002677022,0.19228122662677635,efetiva,105445262.70755422,115410000.0,0.9136579387189517,0.0,1.09,0.08410000000000001,0.0,0.0,289129000,1.0,0.0,0.08410000000000001,0.8295579387189518,
QLYS,"QUALYS, INC.",1107843,baixo,2023,554458000,RevenueFromContractWithCustomerExcludingAssessedTax,111691000.0,SellingAndMarketingExpense,110472000.0,ResearchAndDevelopmentExpense,163069000,OperatingIncomeLoss,27056000,IncomeTaxExpenseBenefit,178651000.0,IncomeLossFromContinuingOperationsBeforeIncomeTaxesExtraordinaryItemsNoncontrollingInterest,,,26991000.0,DepreciationDepletionAndAmortization,368174000,StockholdersEquity,,,,,,,203665000.0,CashAndCashEquivalentsAtCarryingValue,812618000.0,Assets,2023-12-31,0,sem dívida divulgada,5/5,554.458,111.691,110.472,163.069,27.056,178.651,368.174,,,,0.0,203.665,,812.618,26.991,0.0396,0.045,1.07,0.20144176835756722,0.15144611561088378,efetiva,138372833.3734488,164509000.0,0.8411262202885483,0.0,1.07,0.08775,0.0,0.0,368174000,1.0,0.0,0.08775,0.7533762202885483,
QLYS,"QUALYS, INC.",1107843,baixo,2024,607571000,RevenueFromContractWithCustomerExcludingAssessedTax,128303000.0,SellingAndMarketingExpense,111852000.0,ResearchAndDevelopmentExpense,187196000,OperatingIncomeLoss,36142000,IncomeTaxExpenseBenefit,209822000.0,IncomeLossFromContinuingOperationsBeforeIncomeTaxesExtraordinaryItemsNoncontrollingInterest,,,18513000.0,DepreciationDepletionAndAmortization,477116000,StockholdersEquity,,,,,,,232182000.0,CashAndCashEquivalentsAtCarryingValue,973537000.0,Assets,2024-12-31,0,sem dívida divulgada,5/5,607.571,128.303,111.852,187.196,36.142,209.822,477.116,,,,0.0,232.182,,973.537,18.513,0.0423,0.046,1.05,0.2111736735295134,0.17225076493408698,efetiva,154951345.80739865,244934000.0,0.6326248940832986,0.0,1.05,0.0906,0.0,0.0,477116000,1.0,0.0,0.0906,0.5420248940832986,
RPD,"Rapid7, Inc.",1560327,alto,2015,110526000,Revenues,67365000.0,SellingAndMarketingExpense,38746000.0,ResearchAndDevelopmentExpense,-46560000,OperatingIncomeLoss,496000,IncomeTaxExpenseBenefit,-49361000.0,IncomeLossFromContinuingOperationsBeforeIncomeTaxesExtraordinaryItemsNoncontrollingInterest,,,5352000.0,DepreciationDepletionAndAmortization,68075000,StockholdersEquity,,,,,,,86553000.0,CashAndCashEquivalentsAtCarryingValue,230561000.0,Assets,2015-12-31,0,sem dívida divulgada,5/5,110.526,67.365,38.746,-46.56,0.496,-49.361,68.075,,,,0.0,86.553,,230.561,5.352,0.0221,0.058,1.04,0.6094945985559959,0.35,estatutaria,-30264000.0,-18478000.0,,0.0,1.04,0.08242000000000001,0.0,0.0,68075000,1.0,0.0,0.08242000000000001,,capital investido <= 0
RPD,"Rapid7, Inc.",1560327,alto,2016,157437000,RevenueFromContractWithCustomerExcludingAssessedTax,90524000.0,SellingAndMarketingExpense,47955000.0,ResearchAndDevelopmentExpense,-49049000,OperatingIncomeLoss,-27000,IncomeTaxExpenseBenefit,-49027000.0,IncomeLossFromContinuingOperationsBeforeIncomeTaxesExtraordinaryItemsNoncontrollingInterest,211000.0,InterestExpense,6725000.0,DepreciationDepletionAndAmortization,42038000,StockholdersEquity,,,,,,,53148000.0,CashAndCashEquivalentsAtCarryingValue,243303000.0,Assets,2016-12-31,0,sem dívida divulgada,5/5,157.437,90.524,47.955,-49.049,-0.027,-49.027,42.038,,,,0.0,53.148,0.211,243.303,6.725,0.0184,0.062,1.1,0.5749855497754658,0.35,estatutaria,-31881850.0,-11110000.0,,0.0,1.1,0.08660000000000001,0.0,0.0,42038000,1.0,0.0,0.08660000000000001,,capital investido <= 0
RPD,"Rapid7, Inc.",1560327,alto,2017,200940000,RevenueFromContractWithCustomerExcludingAssessedTax,111593000.0,SellingAndMarketingExpense,50938000.0,ResearchAndDevelopmentExpense,-48794000,OperatingIncomeLoss,-2236000,IncomeTaxExpenseBenefit,-47706000.0,IncomeLossFromContinuingOperationsBeforeIncomeTaxesExtraordinaryItemsNoncontrollingInterest,87000.0,InterestExpense,7628000.0,DepreciationDepletionAndAmortization,24153000,StockholdersEquity,,,0.0,ConvertibleDebtNoncurrent,,,51562000.0,CashAndCashEquivalentsAtCarryingValue,284136000.0,Assets,2017-12-31,0,sem dívida divulgada,5/5,200.94,111.593,50.938,-48.794,-2.236,-47.706,24.153,,0.0,,0.0,51.562,0.087,284.136,7.628,0.0233,0.057,1.11,0.5553548322882452,0.35,estatutaria,-31716100.0,-27409000.0,,0.0,1.11,0.08657000000000001,0.0,0.0,24153000,1.0,0.0,0.08657000000000001,,capital investido <= 0
RPD,"Rapid7, Inc.",1560327,alto,2018,244091000,RevenueFromContractWithCustomerExcludingAssessedTax,123310000.0,SellingAndMarketingExpense,67743000.0,ResearchAndDevelopmentExpense,-53038000,OperatingIncomeLoss,466000,IncomeTaxExpenseBenefit,-55079000.0,IncomeLossFromContinuingOperationsBeforeIncomeTaxesExtraordinaryItemsNoncontrollingInterest,4934000.0,InterestExpense,11097000.0,DepreciationDepletionAndAmortization,87319000,StockholdersEquity,,,174688000.0,ConvertibleDebtNoncurrent,,,99565000.0,CashAndCashEquivalentsAtCarryingValue,559369000.0,Assets,2018-12-31,174688000,soma longo + curto prazo,5/5,244.091,123.31,67.743,-53.038,0.466,-55.079,87.319,,174.688,,174.688,99.565,4.934,559.369,11.097,0.0291,0.053,1.15,0.5051804449979721,0.21,estatutaria,-41900020.0,162442000.0,-0.25793834106942787,2.0005726130624493,2.967520218967235,0.18637857160526344,0.02824464187580143,0.02231326708188313,262007000,0.3332697218013259,0.666730278198674,0.0769912654776399,-0.33492960654706777,
RPD,"Rapid7, Inc.",1560327,alto,2019,326947000,RevenueFromContractWithCustomerExcludingAssessedTax,157722000.0,SellingAndMarketingExpense,79364000.0,ResearchAndDevelopmentExpense,-45995000,OperatingIncomeLoss,42000,IncomeTaxExpenseBenefit,-53803000.0,IncomeLossFromContinuingOperationsBeforeIncomeTaxesExtraordinaryItemsNoncontrollingInterest,13389000.0,InterestExpense,16528000.0,DepreciationDepletionAndAmortization,83168000,StockholdersEquity,,,185200000.0,ConvertibleDebtNoncurrent,,,123413000.0,CashAndCashEquivalentsAtCarryingValue,664913000.0,Assets,2019-12-31,185200000,soma longo + curto prazo,5/5,326.947,157.722,79.364,-45.995,0.042,-53.803,83.168,,185.2,,185.2,123.413,13.389,664.913,16.528,0.0241,0.056,1.17,0.4824084637571227,0.21,estatutaria,-36336050.0,144955000.0,-0.2506712427994895,2.2268180069257406,3.228247883801462,0.2048818814928819,0.07229481641468682,0.057112904967602594,268368000,0.30990282000834674,0.6900971799916532,0.10290692750253383,-0.3535781703020233,
RPD,"Rapid7, Inc.",1560327,alto,2020,411486000,RevenueFromContractWithCustomerExcludingAssessedTax,195981000.0,SellingAndMarketingExpense,108568000.0,ResearchAndDevelopmentExpense,-74099000,OperatingIncomeLoss,1986000,IncomeTaxExpenseBenefit,-96863000.0,IncomeLossFromContinuingOperationsBeforeIncomeTaxesExtraordinaryItemsNoncontrollingInterest,24137000.0,InterestExpense,22631000.0,DepreciationDepletionAndAmortization,71536000,StockholdersEquity,,,378586000.0,ConvertibleDebtNoncurrent,,,173617000.0,CashAndCashEquivalentsAtCarryingValue,913122000.0,Assets,2020-12-31,378586000,soma longo + curto prazo,5/5,411.486,195.981,108.568,-74.099,1.986,-96.863,71.536,,378.586,,378.586,173.617,24.137,913.122,22.631,0.0093,0.072,1.21,0.47627622810982634,0.21,estatutaria,-58538210.0,276505000.0,-0.2117076002242274,5.2922444643256545,6.268856483448893,0.4606576668083202,0.06375565921613584,0.05036697078074731,450122000,0.1589258023380328,0.8410741976619672,0.11557274883875926,-0.32728034906298664,
RPD,"Rapid7, Inc.",1560327,alto,2021,535404000,RevenueFromContractWithCustomerExcludingAssessedTax,247453000.0,SellingAndMarketingExpense,160779000.0,ResearchAndDevelopmentExpense,-120065000,OperatingIncomeLoss,10421000,IncomeTaxExpenseBenefit,-135913000.0,IncomeLossFromContinuingOperationsBeforeIncomeTaxesExtraordinaryItemsNoncontrollingInterest,14292000.0,InterestExpense,33501000.0,DepreciationDepletionAndAmortization,-125995000,StockholdersEquity,,,812063000.0,ConvertibleDebtNoncurrent,,,164582000.0,CashAndCashEquivalentsAtCarryingValue,1296011000.0,Assets,2021-12-31,812063000,soma longo + curto prazo,5/5,535.404,247.453,160.779,-120.065,10.421,-135.913,-125.995,,812.063,,812.063,164.582,14.292,1296.011,33.501,0.0148,0.048,1.18,0.4621799613002518,0.21,estatutaria,-94851350.0,521486000.0,-0.18188666618087543,0.0,1.18,0.07144,0.017599619733936898,0.01390369958981015,686068000,1.0,0.0,0.07144,-0.2533266661808754,
RPD,"Rapid7, Inc.",1560327,alto,2022,685083000,RevenueFromContractWithCustomerExcludingAssessedTax,307409000.0,SellingAndMarketingExpense,189970000.0,ResearchAndDevelopmentExpense,-111614000,OperatingIncomeLoss,2412000,IncomeTaxExpenseBenefit,-122305000.0,IncomeLossFromContinuingOperationsBeforeIncomeTaxesExtraordinaryItemsNoncontrollingInterest,10982000.0,InterestExpense,41038000.0,DepreciationDepletionAndAmortization,-120074000,StockholdersEquity,,,815948000.0,ConvertibleDebtNoncurrent,,,207287000.0,CashAndCashEquivalentsAtCarryingValue,1358991000.0,Assets,2022-12-31,815948000,soma longo + curto prazo,5/5,685.083,307.409,189.97,-111.614,2.412,-122.305,-120.074,,815.948,,815.948,207.287,10.982,1358.991,41.038,0.0296,0.05,1.09,0.44871789257651995,0.21,estatutaria,-88175060.0,488587000.0,-0.18046951719959803,0.0,1.09,0.08410000000000001,0.013459191026879164,0.01063276091123454,695874000,1.0,0.0,0.08410000000000001,-0.26456951719959804,
RPD,"Rapid7, Inc.",1560327,alto,2023,777707000,RevenueFromContractWithCustomerExcludingAssessedTax,313661000.0,SellingAndMarketingExpense,177937000.0,ResearchAndDevelopmentExpense,-84288000,OperatingIncomeLoss,-518000,IncomeTaxExpenseBenefit,-153333000.0,IncomeLossFromContinuingOperationsBeforeIncomeTaxesExtraordinaryItemsNoncontrollingInterest,64700000.0,InterestExpense,45939000.0,DepreciationDepletionAndAmortization,-118179000,StockholdersEquity,,,929996000.0,ConvertibleDebtNoncurrent,0.0,ConvertibleDebtCurrent,213629000.0,CashAndCashEquivalentsAtCarryingValue,1505348000.0,Assets,2023-12-31,929996000,soma longo + curto prazo,5/5,777.707,313.661,177.937,-84.288,-0.518,-153.333,-118.179,,929.996,0.0,929.996,213.629,64.7,1505.348,45.939,0.0396,0.045,1.07,0.40331513024828114,0.21,estatutaria,-66587520.0,598188000.0,-0.11131537242472266,0.0,1.07,0.08775,0.06957019169974925,0.05496045144280191,811817000,1.0,0.0,0.08775,-0.19906537242472266,
RPD,"Rapid7, Inc.",1560327,alto,2024,844007000,RevenueFromContractWithCustomerExcludingAssessedTax,298809000.0,SellingAndMarketingExpense,173126000.0,ResearchAndDevelopmentExpense,35035000,OperatingIncomeLoss,15929000,IncomeTaxExpenseBenefit,41455000.0,IncomeLossFromContinuingOperationsBeforeIncomeTaxesExtraordinaryItemsNoncontrollingInterest,10963000.0,InterestExpenseNonoperating,44893000.0,DepreciationDepletionAndAmortization,17711000,StockholdersEquity,,,888356000.0,ConvertibleDebtNoncurrent,45895000.0,ConvertibleDebtCurrent,334686000.0,CashAndCashEquivalentsAtCarryingValue,1652034000.0,Assets,2024-12-31,934251000,soma longo + curto prazo,5/5,844.007,298.809,173.126,35.035,15.929,41.455,17.711,,888.356,45.895,934.251,334.686,10.963,1652.034,44.893,0.0423,0.046,1.05,0.3540361632071772,0.38424797973706426,efetiva,21572872.029911954,617276000.0,0.034948502825173755,52.74976003613573,35.15480987616743,1.6594212543037017,0.011734533867236963,0.007225562935595,951962000,0.018604734222584515,0.9813952657774155,0.0379642246571979,-0.003015721832024143,
SMAR,SMARTSHEET INC,1366561,alto,2017,66964000,RevenueFromContractWithCustomerExcludingAssessedTax,40071000.0,SellingAndMarketingExpense,19640000.0,ResearchAndDevelopmentExpense,-15155000,OperatingIncomeLoss,0,IncomeTaxExpenseBenefit,-15184000.0,IncomeLossFromContinuingOperationsBeforeIncomeTaxesExtraordinaryItemsNoncontrollingInterest,200000.0,InterestExpense,,,-52743000,StockholdersEquity,,,,,,,22086000.0,CashAndCashEquivalentsAtCarryingValue,,,2017-01-31,0,sem dívida divulgada,5/5,66.964,40.071,19.64,-15.155,0.0,-15.184,-52.743,,,,0.0,22.086,0.2,,,0.0233,0.057,1.11,0.5983961531569202,0.35,estatutaria,-9850750.0,-74829000.0,,0.0,1.11,0.08657000000000001,0.0,0.0,-52743000,1.0,0.0,0.08657000000000001,,capital investido <= 0
SMAR,SMARTSHEET INC,1366561,alto,2018,111253000,RevenueFromContractWithCustomerExcludingAssessedTax,72925000.0,SellingAndMarketingExpense,37590000.0,ResearchAndDevelopmentExpense,-48978000,OperatingIncomeLoss,-307000,IncomeTaxExpenseBenefit,-49413000.0,IncomeLossFromContinuingOperationsBeforeIncomeTaxesExtraordinaryItemsNoncontrollingInterest,300000.0,InterestExpense,,,-80741000,StockholdersEquity,,,,,,,58158000.0,CashAndCashEquivalentsAtCarryingValue,116604000.0,Assets,2018-01-31,0,sem dívida divulgada,5/5,111.253,72.925,37.59,-48.978,-0.307,-49.413,-80.741,,,,0.0,58.158,0.3,116.604,,0.0291,0.053,1.15,0.655487941898196,0.21,estatutaria,-38692620.0,-138899000.0,,0.0,1.15,0.09004999999999999,0.0,0.0,-80741000,1.0,0.0,0.09004999999999999,,capital investido <= 0
SMAR,SMARTSHEET INC,1366561,alto,2019,177722000,RevenueFromContractWithCustomerExcludingAssessedTax,106067000.0,SellingAndMarketingExpense,58841000.0,ResearchAndDevelopmentExpense,-55084000,OperatingIncomeLoss,293000,IncomeTaxExpenseBenefit,-53592000.0,IncomeLossFromContinuingOperationsBeforeIncomeTaxesExtraordinaryItemsNoncontrollingInterest,400000.0,InterestExpense,,,166992000,StockholdersEquity,,,,,,,213085000.0,CashAndCashEquivalentsAtCarryingValue,308744000.0,Assets,2019-01-31,0,sem dívida divulgada,5/5,177.722,106.067,58.841,-55.084,0.293,-53.592,166.992,,,,0.0,213.085,0.4,308.744,,0.0241,0.056,1.17,0.5968141254318542,0.21,estatutaria,-43516360.0,-46093000.0,,0.0,1.17,0.08961999999999999,0.0,0.0,166992000,1.0,0.0,0.08961999999999999,,capital investido <= 0
SMAR,SMARTSHEET INC,1366561,alto,2020,270882000,RevenueFromContractWithCustomerExcludingAssessedTax,176060000.0,SellingAndMarketingExpense,95469000.0,ResearchAndDevelopmentExpense,-103774000,OperatingIncomeLoss,114000,IncomeTaxExpenseBenefit,-95826000.0,IncomeLossFromContinuingOperationsBeforeIncomeTaxesExtraordinaryItemsNoncontrollingInterest,,,13449000.0,DepreciationDepletionAndAmortization,514060000,StockholdersEquity,,,,,,,515924000.0,CashAndCashEquivalentsAtCarryingValue,797714000.0,Assets,2020-01-31,0,sem dívida divulgada,5/5,270.882,176.06,95.469,-103.774,0.114,-95.826,514.06,,,,0.0,515.924,,797.714,13.449,0.0093,0.072,1.21,0.6499509011303815,0.21,estatutaria,-81981460.0,-1864000.0,,0.0,1.21,0.09641999999999999,0.0,0.0,514060000,1.0,0.0,0.09641999999999999,,capital investido <= 0
SMAR,SMARTSHEET INC,1366561,alto,2021,385513000,RevenueFromContractWithCustomerExcludingAssessedTax,230281000.0,SellingAndMarketingExpense,118722000.0,ResearchAndDevelopmentExpense,-120472000,OperatingIncomeLoss,-3753000,IncomeTaxExpenseBenefit,-118732000.0,IncomeLossFromContinuingOperationsBeforeIncomeTaxesExtraordinaryItemsNoncontrollingInterest,,,17255000.0,DepreciationDepletionAndAmortization,526929000,StockholdersEquity,,,,,,,442200000.0,CashAndCashEquivalentsAtCarryingValue,911789000.0,Assets,2021-01-31,0,sem dívida divulgada,5/5,385.513,230.281,118.722,-120.472,-3.753,-118.732,526.929,,,,0.0,442.2,,911.789,17.255,0.0148,0.048,1.18,0.5973365359923012,0.21,estatutaria,-95172880.0,84729000.0,-1.1232621652562877,0.0,1.18,0.07144,0.0,0.0,526929000,1.0,0.0,0.07144,-1.1947021652562877,
SMAR,SMARTSHEET INC,1366561,alto,2022,550832000,RevenueFromContractWithCustomerExcludingAssessedTax,329751000.0,SellingAndMarketingExpense,165440000.0,ResearchAndDevelopmentExpense,-170036000,OperatingIncomeLoss,296000,IncomeTaxExpenseBenefit,-170801000.0,IncomeLossFromContinuingOperationsBeforeIncomeTaxesExtraordinaryItemsNoncontrollingInterest,,,21765000.0,DepreciationDepletionAndAmortization,504779000,StockholdersEquity,,,,,,,449074000.0,CashAndCashEquivalentsAtCarryingValue,1002832000.0,Assets,2022-01-31,0,sem dívida divulgada,5/5,550.832,329.751,165.44,-170.036,0.296,-170.801,504.779,,,,0.0,449.074,,1002.832,21.765,0.0296,0.05,1.09,0.5986416911145322,0.21,estatutaria,-134328440.0,55705000.0,-2.4114251862489904,0.0,1.09,0.08410000000000001,0.0,0.0,504779000,1.0,0.0,0.08410000000000001,-2.4955251862489902,
SMAR,SMARTSHEET INC,1366561,alto,2023,766915000,RevenueFromContractWithCustomerExcludingAssessedTax,479250000.0,SellingAndMarketingExpense,215205000.0,ResearchAndDevelopmentExpense,-221636000,OperatingIncomeLoss,2849000,IncomeTaxExpenseBenefit,-212790000.0,IncomeLossFromContinuingOperationsBeforeIncomeTaxesExtraordinaryItemsNoncontrollingInterest,,,24856000.0,DepreciationDepletionAndAmortization,485658000,StockholdersEquity,,,,,,,223156000.0,CashAndCashEquivalentsAtCarryingValue,1110209000.0,Assets,2023-01-31,0,sem dívida divulgada,5/5,766.915,479.25,215.205,-221.636,2.849,-212.79,485.658,,,,0.0,223.156,,1110.209,24.856,0.0396,0.045,1.07,0.6249062803570148,0.21,estatutaria,-175092440.0,262502000.0,-0.667013737038194,0.0,1.07,0.08775,0.0,0.0,485658000,1.0,0.0,0.08775,-0.754763737038194,
SMAR,SMARTSHEET INC,1366561,alto,2024,958338000,RevenueFromContractWithCustomerExcludingAssessedTax,510576000.0,SellingAndMarketingExpense,234071000.0,ResearchAndDevelopmentExpense,-120282000,OperatingIncomeLoss,8489000,IncomeTaxExpenseBenefit,-96142000.0,IncomeLossFromContinuingOperationsBeforeIncomeTaxesExtraordinaryItemsNoncontrollingInterest,,,27012000.0,DepreciationDepletionAndAmortization,605855000,StockholdersEquity,,,,,,,282094000.0,CashAndCashEquivalentsAtCarryingValue,1337479000.0,Assets,2024-01-31,0,sem dívida divulgada,5/5,958.338,510.576,234.071,-120.282,8.489,-96.142,605.855,,,,0.0,282.094,,1337.479,27.012,0.0423,0.046,1.05,0.5327723621519757,0.21,estatutaria,-95022780.0,323761000.0,-0.2934966842825418,0.0,1.05,0.0906,0.0,0.0,605855000,1.0,0.0,0.0906,-0.3840966842825418,
SNPS,SYNOPSYS INC,883241,baixo,2015,2242211000,Revenues,474407000.0,SellingAndMarketingExpense,776229000.0,ResearchAndDevelopmentExpense,266466000,OperatingIncomeLoss,55676000,IncomeTaxExpenseBenefit,281610000.0,IncomeLossFromContinuingOperationsBeforeIncomeTaxesMinorityInterestAndIncomeLossFromEquityMethodInvestments,2814000.0,InterestExpense,211821000.0,DepreciationDepletionAndAmortization,3133989000,StockholdersEquity,,,0.0,LongTermDebtNoncurrent,205000000.0,DebtCurrent,836188000.0,CashAndCashEquivalentsAtCarryingValue,5045739000.0,Assets,2015-10-31,205000000,soma longo + curto prazo,5/5,2242.211,474.407,776.229,266.466,55.676,281.61,3133.989,,0.0,205.0,205.0,836.188,2.814,5045.739,211.821,0.0221,0.058,1.04,0.21157999849255935,0.1977060473704769,efetiva,213784060.3813785,2502801000.0,0.08541792191284026,0.06541184413857228,1.0945787080620304,0.08558556506759776,0.013726829268292683,0.01101295211072916,3338989000,0.9386041703042448,0.06139582969575521,0.08100711762253039,0.004410804290309864,
SNPS,SYNOPSYS INC,883241,baixo,2016,2422532000,Revenues,502368000.0,SellingAndMarketingExpense,856705000.0,ResearchAndDevelopmentExpense,317395000,OperatingIncomeLoss,62722000,IncomeTaxExpenseBenefit,329548000.0,IncomeLossFromContinuingOperationsBeforeIncomeTaxesMinorityInterestAndIncomeLossFromEquityMethodInvestments,3771000.0,InterestExpense,207032000.0,DepreciationDepletionAndAmortization,3195146000,StockholdersEquity,,,0.0,LongTermDebtNoncurrent,205000000.0,DebtCurrent,976620000.0,CashAndCashEquivalentsAtCarryingValue,5240365000.0,Assets,2016-10-31,205000000,soma longo + curto prazo,5/5,2422.532,502.368,856.705,317.395,62.722,329.548,3195.146,,0.0,205.0,205.0,976.62,3.771,5240.365,207.032,0.0184,0.062,1.1,0.2073731120992416,0.19032735747144575,efetiva,256986048.3753505,2423526000.0,0.10603808185897345,0.0641598224306495,1.1571432982687455,0.09014288449266222,0.018395121951219513,0.014894026999878919,3400146000,0.939708471342113,0.06029152865788704,0.08560601584466282,0.020432066014310635,
SNPS,SYNOPSYS INC,883241,baixo,2017,2724880000,RevenueFromContractWithCustomerExcludingAssessedTax,549248000.0,SellingAndMarketingExpense,908841000.0,ResearchAndDevelopmentExpense,347563000,OperatingIncomeLoss,246535000,IncomeTaxExpenseBenefit,383098000.0,IncomeLossFromContinuingOperationsBeforeIncomeTaxesMinorityInterestAndIncomeLossFromEquityMethodInvestments,7303000.0,InterestExpense,189442000.0,DepreciationDepletionAndAmortization,3275620000,StockholdersEquity,,,134063000.0,LongTermDebtNoncurrent,9924000.0,DebtCurrent,1048356000.0,CashAndCashEquivalentsAtCarryingValue,5396414000.0,Assets,2017-10-31,143987000,soma longo + curto prazo,5/5,2724.88,549.248,908.841,347.563,246.535,383.098,3275.62,,134.063,9.924,143.987,1048.356,7.303,5396.414,189.442,0.0233,0.057,1.11,0.2015677754616717,0.6435298539799216,efetiva,123895833.36117652,2371251000.0,0.05224914332610783,0.04395717451963292,1.1273930566658046,0.08756140422995086,0.050719856653725685,0.01808011470747104,3419607000,0.9578936994806713,0.042106300519328684,0.08463580417284684,-0.03238666084673901,
SNPS,SYNOPSYS INC,883241,baixo,2018,3121058000,RevenueFromContractWithCustomerExcludingAssessedTax,622978000.0,SellingAndMarketingExpense,1084822000.0,ResearchAndDevelopmentExpense,360225000,OperatingIncomeLoss,-68975000,IncomeTaxExpenseBenefit,363543000.0,IncomeLossFromContinuingOperationsBeforeIncomeTaxesMinorityInterestAndIncomeLossFromEquityMethodInvestments,15607000.0,InterestExpense,209207000.0,DepreciationDepletionAndAmortization,3479152000,StockholdersEquity,,,125535000.0,LongTermDebtNoncurrent,343769000.0,DebtCurrent,723115000.0,CashAndCashEquivalentsAtCarryingValue,6145974000.0,Assets,2018-10-31,469304000,soma longo + curto prazo,5/5,3121.058,622.978,1084.822,360.225,-68.975,363.543,3479.152,,125.535,343.769,469.304,723.115,15.607,6145.974,209.207,0.0291,0.053,1.15,0.19960474941510217,0.0,efetiva_limitada,360225000.0,3225341000.0,0.111685865153483,0.13489034109461157,1.3051238922588033,0.09827156628971657,0.03325562961321446,0.03325562961321446,3948456000,0.8811424009790156,0.1188575990209844,0.09054392815824717,0.021141936995235824,
SNPS,SYNOPSYS INC,883241,baixo,2019,3360694000,RevenueFromContractWithCustomerExcludingAssessedTax,632890000.0,SellingAndMarketingExpense,1136932000.0,ResearchAndDevelopmentExpense,520231000,OperatingIncomeLoss,13139000,IncomeTaxExpenseBenefit,545506000.0,IncomeLossFromContinuingOperationsBeforeIncomeTaxesExtraordinaryItemsNoncontrollingInterest,11659000.0,InterestExpense,201676000.0,DepreciationDepletionAndAmortization,4083013000,StockholdersEquity,,,120093000.0,LongTermDebtNoncurrent,17614000.0,DebtCurrent,728597000.0,CashAndCashEquivalentsAtCarryingValue,6405160000.0,Assets,2019-10-31,137707000,soma longo + curto prazo,5/5,3360.694,632.89,1136.932,520.231,13.139,545.506,4083.013,,120.093,17.614,137.707,728.597,11.659,6405.16,201.676,0.0241,0.056,1.17,0.18832122174765092,0.024085894563946133,efetiva,507700770.9851037,3492123000.0,0.14538456147882067,0.033726809099064836,1.208509928415418,0.0917765559912634,0.08466526756083569,0.0826260288531371,4220720000,0.9673735760723289,0.03262642392767111,0.09147800701369323,0.053906554465127446,
SNPS,SYNOPSYS INC,883241,baixo,2020,3685281000,RevenueFromContractWithCustomerExcludingAssessedTax,632010000.0,SellingAndMarketingExpense,1279022000.0,ResearchAndDevelopmentExpense,620141000,OperatingIncomeLoss,-25288000,IncomeTaxExpenseBenefit,638159000.0,IncomeLossFromContinuingOperationsBeforeIncomeTaxesExtraordinaryItemsNoncontrollingInterest,5140000.0,InterestExpense,209986000.0,DepreciationDepletionAndAmortization,4907404000,StockholdersEquity,,,100823000.0,LongTermDebtNoncurrent,27084000.0,DebtCurrent,1235653000.0,CashAndCashEquivalentsAtCarryingValue,8030062000.0,Assets,2020-10-31,127907000,soma longo + curto prazo,5/5,3685.281,632.01,1279.022,620.141,-25.288,638.159,4907.404,,100.823,27.084,127.907,1235.653,5.14,8030.062,209.986,0.0093,0.072,1.21,0.17149574211573013,0.0,efetiva_limitada,620141000.0,3799658000.0,0.1632096888719985,0.026064086021855955,1.2415375440864456,0.09869070317422407,0.040185447239009596,0.040185447239009596,5035311000,0.9745979940464452,0.025402005953554806,0.0972045523146435,0.06600513655735499,
SNPS,SYNOPSYS INC,883241,baixo,2021,4204193000,RevenueFromContractWithCustomerExcludingAssessedTax,712491000.0,SellingAndMarketingExpense,1504823000.0,ResearchAndDevelopmentExpense,734790000,OperatingIncomeLoss,49155000,IncomeTaxExpenseBenefit,805514000.0,IncomeLossFromContinuingOperationsBeforeIncomeTaxesExtraordinaryItemsNoncontrollingInterest,3365000.0,InterestExpense,203676000.0,DepreciationDepletionAndAmortization,5295137000,StockholdersEquity,,,25094000.0,LongTermDebtNoncurrent,74992000.0,DebtCurrent,1432840000.0,CashAndCashEquivalentsAtCarryingValue,8752260000.0,Assets,2021-10-31,100086000,soma longo + curto prazo,5/5,4204.193,712.491,1504.823,734.79,49.155,805.514,5295.137,,25.094,74.992,100.086,1432.84,3.365,8752.26,203.676,0.0148,0.048,1.18,0.16947152521304326,0.06102314795273577,efetiva,689950801.1158093,3962383000.0,0.1741252173542561,0.018901493955680467,1.2009427170463243,0.07244525041822357,0.03362108586615511,0.03156942136901309,5395223000,0.9814491449194964,0.018550855080503623,0.07168696883723623,0.10243824851701987,
SNPS,SYNOPSYS INC,883241,baixo,2022,4615714000,RevenueFromContractWithCustomerExcludingAssessedTax,642729000.0,SellingAndMarketingExpense,1589846000.0,ResearchAndDevelopmentExpense,1148714000,OperatingIncomeLoss,139385000,IncomeTaxExpenseBenefit,1103452000.0,IncomeLossFromContinuingOperationsBeforeIncomeTaxesExtraordinaryItemsNoncontrollingInterest,1698000.0,InterestExpense,228405000.0,DepreciationDepletionAndAmortization,5515725000,StockholdersEquity,,,20824000.0,LongTermDebtNoncurrent,0.0,DebtCurrent,1417608000.0,CashAndCashEquivalentsAtCarryingValue,9418087000.0,Assets,2022-10-31,20824000,soma longo + curto prazo,5/5,4615.714,642.729,1589.846,1148.714,139.385,1103.452,5515.725,,20.824,0.0,20.824,1417.608,1.698,9418.087,228.405,0.0296,0.05,1.09,0.1392480123335198,0.126317229929349,efetiva,1003611629.5389378,4118941000.0,0.24365768520086542,0.0037753876416971475,1.0935953553348483,0.08427976776674242,0.08154053015751056,0.07124055626104328,5536549000,0.996238812299864,0.003761187700135951,0.08423072484480772,0.1594269603560577,
SNPS,SYNOPSYS INC,883241,baixo,2023,5318014000,RevenueFromContractWithCustomerExcludingAssessedTax,724934000.0,SellingAndMarketingExpense,1849935000.0,ResearchAndDevelopmentExpense,1273239000,OperatingIncomeLoss,90188000,IncomeTaxExpenseBenefit,1305470000.0,IncomeLossFromContinuingOperationsBeforeIncomeTaxesExtraordinaryItemsNoncontrollingInterest,1178000.0,InterestExpense,247120000.0,DepreciationDepletionAndAmortization,6147308000,StockholdersEquity,,,18078000.0,LongTermDebtNoncurrent,,,1433966000.0,CashAndCashEquivalentsAtCarryingValue,10333131000.0,Assets,2023-10-31,18078000,soma longo + curto prazo,5/5,5318.014,724.934,1849.935,1273.239,90.188,1305.47,6147.308,,18.078,,18.078,1433.966,1.178,10333.131,247.12,0.0396,0.045,1.07,0.13631667761686975,0.0690846974652807,efetiva,1185277668.8840034,4731420000.0,0.2505120384332829,0.002940799452378179,1.072929269676738,0.0878818171354532,0.06516207545082421,0.060660373182094225,6165386000,0.9970678234906947,0.002932176509305338,0.0878019990569438,0.1627100393763391,
SNPS,SYNOPSYS INC,883241,baixo,2024,6127436000,RevenueFromContractWithCustomerExcludingAssessedTax,859342000.0,SellingAndMarketingExpense,2082360000.0,ResearchAndDevelopmentExpense,1355711000,OperatingIncomeLoss,99718000,IncomeTaxExpenseBenefit,1513858000.0,IncomeLossFromContinuingOperationsBeforeIncomeTaxesExtraordinaryItemsNoncontrollingInterest,36829000.0,InterestExpenseNonoperating,295065000.0,DepreciationDepletionAndAmortization,8990702000,StockholdersEquity,,,15601000.0,LongTermDebtNoncurrent,0.0,LongTermDebtCurrent,3896532000.0,CashAndCashEquivalentsAtCarryingValue,13073561000.0,Assets,2024-10-31,15601000,soma longo + curto prazo,5/5,6127.436,859.342,2082.36,1355.711,99.718,1513.858,8990.702,,15.601,0.0,15.601,3896.532,36.829,13073.561,295.065,0.0423,0.046,1.05,0.14024495727087152,0.06587011463426556,efetiva,1266410161.0190654,5109771000.0,0.2478408838711295,0.0017352371372113102,1.051701983711469,0.09067829125072757,2.360682007563618,2.2051836131103544,9006303000,0.9982677686948795,0.0017322313051204251,0.09434110356409656,0.15349978030703296,
SPSC,SPS COMMERCE INC,1092699,medio,2015,158518000,Revenues,55374000.0,SellingAndMarketingExpense,17954000.0,ResearchAndDevelopmentExpense,7023000,OperatingIncomeLoss,2436000,IncomeTaxExpenseBenefit,7075000.0,IncomeLossFromContinuingOperationsBeforeIncomeTaxesExtraordinaryItemsNoncontrollingInterest,,,6265000.0,DepreciationDepletionAndAmortization,231432000,StockholdersEquity,,,,,,,121538000.0,CashAndCashEquivalentsAtCarryingValue,261731000.0,Assets,2015-12-31,0,sem dívida divulgada,5/5,158.518,55.374,17.954,7.023,2.436,7.075,231.432,,,,0.0,121.538,,261.731,6.265,0.0221,0.058,1.04,0.3493231052624938,0.34431095406360424,efetiva,4604904.169611308,109894000.0,0.04190314457214505,0.0,1.04,0.08242000000000001,0.0,0.0,231432000,1.0,0.0,0.08242000000000001,-0.04051685542785496,
SPSC,SPS COMMERCE INC,1092699,medio,2016,193153000,RevenueFromContractWithCustomerExcludingAssessedTax,66876000.0,SellingAndMarketingExpense,21981000.0,ResearchAndDevelopmentExpense,6385000,OperatingIncomeLoss,2755000,IncomeTaxExpenseBenefit,7718000.0,IncomeLossFromContinuingOperationsBeforeIncomeTaxesExtraordinaryItemsNoncontrollingInterest,,,6598000.0,DepreciationDepletionAndAmortization,257767000,StockholdersEquity,,,,,,,115877000.0,CashAndCashEquivalentsAtCarryingValue,298365000.0,Assets,2016-12-31,0,sem dívida divulgada,5/5,193.153,66.876,21.981,6.385,2.755,7.718,257.767,,,,0.0,115.877,,298.365,6.598,0.0184,0.062,1.1,0.34623329692005816,0.3569577610779995,efetiva,4105824.6955169733,141890000.0,0.02893667415263213,0.0,1.1,0.08660000000000001,0.0,0.0,257767000,1.0,0.0,0.08660000000000001,-0.05766332584736788,
SPSC,SPS COMMERCE INC,1092699,medio,2017,220085000,RevenueFromContractWithCustomerExcludingAssessedTax,71261000.0,SellingAndMarketingExpense,23183000.0,ResearchAndDevelopmentExpense,9981000,OperatingIncomeLoss,10342000,IncomeTaxExpenseBenefit,10693000.0,IncomeLossFromContinuingOperationsBeforeIncomeTaxesExtraordinaryItemsNoncontrollingInterest,,,7208000.0,DepreciationDepletionAndAmortization,288111000,StockholdersEquity,,,,,,,123127000.0,CashAndCashEquivalentsAtCarryingValue,339738000.0,Assets,2017-12-31,0,sem dívida divulgada,5/5,220.085,71.261,23.183,9.981,10.342,10.693,288.111,,,,0.0,123.127,,339.738,7.208,0.0233,0.057,1.11,0.323788536247359,0.9671747872439914,efetiva,327628.44851772167,164984000.0,0.0019858195250310436,0.0,1.11,0.08657000000000001,0.0,0.0,288111000,1.0,0.0,0.08657000000000001,-0.08458418047496896,
SPSC,SPS COMMERCE INC,1092699,medio,2018,248240000,RevenueFromContractWithCustomerExcludingAssessedTax,71719000.0,SellingAndMarketingExpense,22087000.0,ResearchAndDevelopmentExpense,26731000,OperatingIncomeLoss,4468000,IncomeTaxExpenseBenefit,28340000.0,IncomeLossFromContinuingOperationsBeforeIncomeTaxesExtraordinaryItemsNoncontrollingInterest,,,8593000.0,DepreciationDepletionAndAmortization,318974000,StockholdersEquity,,,,,,,133859000.0,CashAndCashEquivalentsAtCarryingValue,386123000.0,Assets,2018-12-31,0,sem dívida divulgada,5/5,248.24,71.719,22.087,26.731,4.468,28.34,318.974,,,,0.0,133.859,,386.123,8.593,0.0291,0.053,1.15,0.2889099258781824,0.15765702187720537,efetiva,22516670.148200426,185115000.0,0.12163611888934137,0.0,1.15,0.09004999999999999,0.0,0.0,318974000,1.0,0.0,0.09004999999999999,0.031586118889341375,
SPSC,SPS COMMERCE INC,1092699,medio,2019,279124000,RevenueFromContractWithCustomerExcludingAssessedTax,70140000.0,SellingAndMarketingExpense,28305000.0,ResearchAndDevelopmentExpense,38406000,OperatingIncomeLoss,8358000,IncomeTaxExpenseBenefit,42070000.0,IncomeLossFromContinuingOperationsBeforeIncomeTaxesExtraordinaryItemsNoncontrollingInterest,,,11123000.0,DepreciationDepletionAndAmortization,354876000,StockholdersEquity,,,,,,,179252000.0,CashAndCashEquivalentsAtCarryingValue,447440000.0,Assets,2019-12-31,0,sem dívida divulgada,5/5,279.124,70.14,28.305,38.406,8.358,42.07,354.876,,,,0.0,179.252,,447.44,11.123,0.0241,0.056,1.17,0.2512861667216004,0.19866888519134776,efetiva,30775922.7953411,175624000.0,0.17523756887066175,0.0,1.17,0.08961999999999999,0.0,0.0,354876000,1.0,0.0,0.08961999999999999,0.08561756887066176,
SPSC,SPS COMMERCE INC,1092699,medio,2020,312630000,RevenueFromContractWithCustomerExcludingAssessedTax,75955000.0,SellingAndMarketingExpense,31024000.0,ResearchAndDevelopmentExpense,50158000,OperatingIncomeLoss,7094000,IncomeTaxExpenseBenefit,52680000.0,IncomeLossFromContinuingOperationsBeforeIncomeTaxesExtraordinaryItemsNoncontrollingInterest,,,13127000.0,DepreciationDepletionAndAmortization,420721000,StockholdersEquity,,,,,,,149692000.0,CashAndCashEquivalentsAtCarryingValue,526458000.0,Assets,2020-12-31,0,sem dívida divulgada,5/5,312.63,75.955,31.024,50.158,7.094,52.68,420.721,,,,0.0,149.692,,526.458,13.127,0.0093,0.072,1.21,0.2429549307488085,0.13466211085801064,efetiva,43403617.843583904,271029000.0,0.1601438142914002,0.0,1.21,0.09641999999999999,0.0,0.0,420721000,1.0,0.0,0.09641999999999999,0.06372381429140021,
SPSC,SPS COMMERCE INC,1092699,medio,2021,385276000,RevenueFromContractWithCustomerExcludingAssessedTax,88044000.0,SellingAndMarketingExpense,39038000.0,ResearchAndDevelopmentExpense,55085000,OperatingIncomeLoss,8944000,IncomeTaxExpenseBenefit,53541000.0,IncomeLossFromContinuingOperationsBeforeIncomeTaxesExtraordinaryItemsNoncontrollingInterest,,,14788000.0,DepreciationDepletionAndAmortization,484259000,StockholdersEquity,,,,,,,207552000.0,CashAndCashEquivalentsAtCarryingValue,615846000.0,Assets,2021-12-31,0,sem dívida divulgada,5/5,385.276,88.044,39.038,55.085,8.944,53.541,484.259,,,,0.0,207.552,,615.846,14.788,0.0148,0.048,1.18,0.2285218908003613,0.16704955081152761,efetiva,45883075.493547,276707000.0,0.1658182680363959,0.0,1.18,0.07144,0.0,0.0,484259000,1.0,0.0,0.07144,0.0943782680363959,
SPSC,SPS COMMERCE INC,1092699,medio,2022,450875000,RevenueFromContractWithCustomerExcludingAssessedTax,101772000.0,SellingAndMarketingExpense,45748000.0,ResearchAndDevelopmentExpense,71182000,OperatingIncomeLoss,16190000,IncomeTaxExpenseBenefit,71324000.0,IncomeLossFromContinuingOperationsBeforeIncomeTaxesExtraordinaryItemsNoncontrollingInterest,,,16421000.0,DepreciationDepletionAndAmortization,537073000,StockholdersEquity,,,,,,,162893000.0,CashAndCashEquivalentsAtCarryingValue,672914000.0,Assets,2022-12-31,0,sem dívida divulgada,5/5,450.875,101.772,45.748,71.182,16.19,71.324,537.073,,,,0.0,162.893,,672.914,16.421,0.0296,0.05,1.09,0.22572109786526198,0.22699231675172452,efetiva,55024232.908978745,374180000.0,0.14705284330797677,0.0,1.09,0.08410000000000001,0.0,0.0,537073000,1.0,0.0,0.08410000000000001,0.06295284330797676,
SPSC,SPS COMMERCE INC,1092699,medio,2023,536910000,RevenueFromContractWithCustomerExcludingAssessedTax,122936000.0,SellingAndMarketingExpense,53654000.0,ResearchAndDevelopmentExpense,77248000,OperatingIncomeLoss,19739000,IncomeTaxExpenseBenefit,85563000.0,IncomeLossFromContinuingOperationsBeforeIncomeTaxesExtraordinaryItemsNoncontrollingInterest,,,18631000.0,DepreciationDepletionAndAmortization,667475000,StockholdersEquity,,,,,,,219081000.0,CashAndCashEquivalentsAtCarryingValue,823844000.0,Assets,2023-12-31,0,sem dívida divulgada,5/5,536.91,122.936,53.654,77.248,19.739,85.563,667.475,,,,0.0,219.081,,823.844,18.631,0.0396,0.045,1.07,0.22896947346855154,0.23069551091008964,efetiva,59427233.17321739,448394000.0,0.13253351555377055,0.0,1.07,0.08775,0.0,0.0,667475000,1.0,0.0,0.08775,0.04478351555377055,
SPSC,SPS COMMERCE INC,1092699,medio,2024,637765000,RevenueFromContractWithCustomerExcludingAssessedTax,148920000.0,SellingAndMarketingExpense,62809000.0,ResearchAndDevelopmentExpense,88883000,OperatingIncomeLoss,22422000,IncomeTaxExpenseBenefit,99476000.0,IncomeLossFromContinuingOperationsBeforeIncomeTaxesExtraordinaryItemsNoncontrollingInterest,,,18721000.0,DepreciationDepletionAndAmortization,854690000,StockholdersEquity,,,,,,,241017000.0,CashAndCashEquivalentsAtCarryingValue,1031230000.0,Assets,2024-12-31,0,sem dívida divulgada,5/5,637.765,148.92,62.809,88.883,22.422,99.476,854.69,,,,0.0,241.017,,1031.23,18.721,0.0423,0.046,1.05,0.23350293603443276,0.22540110177329206,efetiva,68848673.87108448,613673000.0,0.11219114067440555,0.0,1.05,0.0906,0.0,0.0,854690000,1.0,0.0,0.0906,0.021591140674405554,
TENB,"Tenable Holdings, Inc.",1660280,medio,2016,124371000,RevenueFromContractWithCustomerExcludingAssessedTax,85736000.0,SellingAndMarketingExpense,40085000.0,ResearchAndDevelopmentExpense,-35833000,OperatingIncomeLoss,843000,IncomeTaxExpenseBenefit,,,,,3060000.0,DepreciationDepletionAndAmortization,-301918000,StockholdersEquity,,,,,,,,,,,2016-12-31,0,sem dívida divulgada,4/5,124.371,85.736,40.085,-35.833,0.843,,-301.918,,,,0.0,,,,3.06,0.0184,0.062,1.1,0.6893568436371823,0.35,estatutaria,-23291450.0,,,0.0,1.1,0.08660000000000001,0.0,0.0,-301918000,1.0,0.0,0.08660000000000001,,dados insuficientes: caixa ausente
TENB,"Tenable Holdings, Inc.",1660280,medio,2017,187727000,RevenueFromContractWithCustomerExcludingAssessedTax,116299000.0,SellingAndMarketingExpense,57673000.0,ResearchAndDevelopmentExpense,-40760000,OperatingIncomeLoss,171000,IncomeTaxExpenseBenefit,,,,,4692000.0,DepreciationDepletionAndAmortization,-371665000,StockholdersEquity,,,,,,,27210000.0,CashAndCashEquivalentsAtCarryingValue,164337000.0,Assets,2017-12-31,0,sem dívida divulgada,5/5,187.727,116.299,57.673,-40.76,0.171,,-371.665,,,,0.0,27.21,,164.337,4.692,0.0233,0.057,1.11,0.6195113116387094,0.35,estatutaria,-26494000.0,-398875000.0,,0.0,1.11,0.08657000000000001,0.0,0.0,-371665000,1.0,0.0,0.08657000000000001,,capital investido <= 0
TENB,"Tenable Holdings, Inc.",1660280,medio,2018,267360000,RevenueFromContractWithCustomerExcludingAssessedTax,173344000.0,SellingAndMarketingExpense,76698000.0,ResearchAndDevelopmentExpense,-72581000,OperatingIncomeLoss,2364000,IncomeTaxExpenseBenefit,,,,,6192000.0,DepreciationDepletionAndAmortization,121763000,StockholdersEquity,,,,,,,165116000.0,CashAndCashEquivalentsAtCarryingValue,460612000.0,Assets,2018-12-31,0,sem dívida divulgada,5/5,267.36,173.344,76.698,-72.581,2.364,,121.763,,,,0.0,165.116,,460.612,6.192,0.0291,0.053,1.15,0.6483542788749252,0.21,estatutaria,-57338990.0,-43353000.0,,0.0,1.15,0.09004999999999999,0.0,0.0,121763000,1.0,0.0,0.09004999999999999,,capital investido <= 0
TENB,"Tenable Holdings, Inc.",1660280,medio,2019,354586000,RevenueFromContractWithCustomerExcludingAssessedTax,228035000.0,SellingAndMarketingExpense,87064000.0,ResearchAndDevelopmentExpense,-90799000,OperatingIncomeLoss,13364000,IncomeTaxExpenseBenefit,,,,,6880000.0,DepreciationDepletionAndAmortization,98905000,StockholdersEquity,,,,,,,74363000.0,CashAndCashEquivalentsAtCarryingValue,558612000.0,Assets,2019-12-31,0,sem dívida divulgada,5/5,354.586,228.035,87.064,-90.799,13.364,,98.905,,,,0.0,74.363,,558.612,6.88,0.0241,0.056,1.17,0.6431020965294738,0.21,estatutaria,-71731210.0,24542000.0,-2.9227939858202268,0.0,1.17,0.08961999999999999,0.0,0.0,98905000,1.0,0.0,0.08961999999999999,-3.012413985820227,
TENB,"Tenable Holdings, Inc.",1660280,medio,2020,440221000,RevenueFromContractWithCustomerExcludingAssessedTax,224277000.0,SellingAndMarketingExpense,101687000.0,ResearchAndDevelopmentExpense,-36433000,OperatingIncomeLoss,5657000,IncomeTaxExpenseBenefit,,,496000.0,InterestExpense,10633000.0,DepreciationDepletionAndAmortization,150665000,StockholdersEquity,,,0.0,SecuredLongTermDebt,,,178223000.0,CashAndCashEquivalentsAtCarryingValue,690589000.0,Assets,2020-12-31,0,sem dívida divulgada,5/5,440.221,224.277,101.687,-36.433,5.657,,150.665,,0.0,,0.0,178.223,0.496,690.589,10.633,0.0093,0.072,1.21,0.5094645643892499,0.21,estatutaria,-28782070.0,-27558000.0,,0.0,1.21,0.09641999999999999,0.0,0.0,150665000,1.0,0.0,0.09641999999999999,,capital investido <= 0
TENB,"Tenable Holdings, Inc.",1660280,medio,2021,541130000,RevenueFromContractWithCustomerExcludingAssessedTax,270158000.0,SellingAndMarketingExpense,116432000.0,ResearchAndDevelopmentExpense,-41768000,OperatingIncomeLoss,-3952000,IncomeTaxExpenseBenefit,,,7502000.0,InterestExpense,16170000.0,DepreciationDepletionAndAmortization,215313000,StockholdersEquity,375000000.0,DebtInstrumentCarryingAmount,364728000.0,SecuredLongTermDebt,,,278000000.0,CashAndCashEquivalentsAtCarryingValue,1248819000.0,Assets,2021-12-31,375000000,conceito de dívida total,5/5,541.13,270.158,116.432,-41.768,-3.952,,215.313,375.0,364.728,,375.0,278.0,7.502,1248.819,16.17,0.0148,0.048,1.18,0.49924787019754957,0.21,estatutaria,-32996720.0,312313000.0,-0.1056527265915924,1.7416505273717797,2.803566621615973,0.14937119783756672,0.020005333333333333,0.015804213333333334,590313000,0.36474378846476363,0.6352562115352364,0.0645219412752218,-0.1701746678668142,
TENB,"Tenable Holdings, Inc.",1660280,medio,2022,683191000,RevenueFromContractWithCustomerExcludingAssessedTax,349430000.0,SellingAndMarketingExpense,143560000.0,ResearchAndDevelopmentExpense,-67815000,OperatingIncomeLoss,6933000,IncomeTaxExpenseBenefit,,,19001000.0,InterestExpense,22194000.0,DepreciationDepletionAndAmortization,270866000,StockholdersEquity,371250000.0,DebtInstrumentCarryingAmount,361970000.0,SecuredLongTermDebt,,,300866000.0,CashAndCashEquivalentsAtCarryingValue,1439530000.0,Assets,2022-12-31,371250000,conceito de dívida total,5/5,683.191,349.43,143.56,-67.815,6.933,,270.866,371.25,361.97,,371.25,300.866,19.001,1439.53,22.194,0.0296,0.05,1.09,0.5114675105497584,0.21,estatutaria,-53573850.0,341250000.0,-0.15699296703296703,1.3706039148508857,2.270227031078098,0.14311135155390492,0.05118114478114478,0.04043310437710438,642116000,0.4218334381949679,0.5781665618050321,0.0837462224115269,-0.24073918944449393,
TENB,"Tenable Holdings, Inc.",1660280,medio,2023,798710000,RevenueFromContractWithCustomerExcludingAssessedTax,393450000.0,SellingAndMarketingExpense,153163000.0,ResearchAndDevelopmentExpense,-52160000,OperatingIncomeLoss,10883000,IncomeTaxExpenseBenefit,,,31339000.0,InterestExpense,27108000.0,DepreciationDepletionAndAmortization,346344000,StockholdersEquity,367500000.0,DebtInstrumentCarryingAmount,359281000.0,SecuredLongTermDebt,,,237132000.0,CashAndCashEquivalentsAtCarryingValue,1606871000.0,Assets,2023-12-31,367500000,conceito de dívida total,5/5,798.71,393.45,153.163,-52.16,10.883,,346.344,367.5,359.281,,367.5,237.132,31.339,1606.871,27.108,0.0396,0.045,1.07,0.4926068285109739,0.21,estatutaria,-41206400.0,476712000.0,-0.08643877225662454,1.061083777977964,1.9669341175247732,0.12811203528861478,0.08527619047619048,0.06736819047619048,713844000,0.4851816363239027,0.5148183636760973,0.09683998849888772,-0.18327876075551225,
TENB,"Tenable Holdings, Inc.",1660280,medio,2024,900021000,RevenueFromContractWithCustomerExcludingAssessedTax,395385000.0,SellingAndMarketingExpense,181624000.0,ResearchAndDevelopmentExpense,-6856000,OperatingIncomeLoss,17415000,IncomeTaxExpenseBenefit,,,31920000.0,InterestExpenseNonoperating,33209000.0,DepreciationDepletionAndAmortization,399954000,StockholdersEquity,363750000.0,DebtInstrumentCarryingAmount,356705000.0,SecuredLongTermDebt,,,328647000.0,CashAndCashEquivalentsAtCarryingValue,1742119000.0,Assets,2024-12-31,363750000,conceito de dívida total,5/5,900.021,395.385,181.624,-6.856,17.415,,399.954,363.75,356.705,,363.75,328.647,31.92,1742.119,33.209,0.0423,0.046,1.05,0.4393064161836224,0.21,estatutaria,-5416240.0,435057000.0,-0.01244949512362748,0.9094795901528676,1.8044133200318038,0.12530301272146296,0.08775257731958763,0.06932453608247423,763704000,0.5237029006002325,0.47629709939976744,0.09864062666949498,-0.11109012179312246,
VEEV,VEEVA SYSTEMS INC,1393052,baixo,2015,313222000,Revenues,56203000.0,SellingAndMarketingExpense,41156000.0,ResearchAndDevelopmentExpense,69966000,OperatingIncomeLoss,26803000,IncomeTaxExpenseBenefit,67186000.0,IncomeLossFromContinuingOperationsBeforeIncomeTaxesExtraordinaryItemsNoncontrollingInterest,,,3929000.0,DepreciationAndAmortization,406833000,StockholdersEquity,,,,,,,129253000.0,CashAndCashEquivalentsAtCarryingValue,544890000.0,Assets,2015-01-31,0,sem dívida divulgada,5/5,313.222,56.203,41.156,69.966,26.803,67.186,406.833,,,,0.0,129.253,,544.89,3.929,0.0221,0.058,1.04,0.17943503329906585,0.3989372785997083,efetiva,42053954.36549281,277580000.0,0.151502105214687,0.0,1.04,0.08242000000000001,0.0,0.0,406833000,1.0,0.0,0.08242000000000001,0.06908210521468698,
VEEV,VEEVA SYSTEMS INC,1393052,baixo,2016,409221000,Revenues,80984000.0,SellingAndMarketingExpense,65976000.0,ResearchAndDevelopmentExpense,78589000,OperatingIncomeLoss,24157000,IncomeTaxExpenseBenefit,78617000.0,IncomeLossFromContinuingOperationsBeforeIncomeTaxesExtraordinaryItemsNoncontrollingInterest,,,8464000.0,DepreciationAndAmortization,521980000,StockholdersEquity,,,,,,,132179000.0,CashAndCashEquivalentsAtCarryingValue,705799000.0,Assets,2016-01-31,0,sem dívida divulgada,5/5,409.221,80.984,65.976,78.589,24.157,78.617,521.98,,,,0.0,132.179,,705.799,8.464,0.0184,0.062,1.1,0.19789795733845525,0.3072745080580536,efetiva,54440603.68622562,389801000.0,0.139662555217215,0.0,1.1,0.08660000000000001,0.0,0.0,521980000,1.0,0.0,0.08660000000000001,0.05306255521721498,
VEEV,VEEVA SYSTEMS INC,1393052,baixo,2017,550542000,RevenueFromContractWithCustomerExcludingAssessedTax,110634000.0,SellingAndMarketingExpense,96743000.0,ResearchAndDevelopmentExpense,120688000,OperatingIncomeLoss,44783000,IncomeTaxExpenseBenefit,122355000.0,IncomeLossFromContinuingOperationsBeforeIncomeTaxesExtraordinaryItemsNoncontrollingInterest,,,13825000.0,DepreciationAndAmortization,678154000,StockholdersEquity,,,,,,,217606000.0,CashAndCashEquivalentsAtCarryingValue,917376000.0,Assets,2017-01-31,0,sem dívida divulgada,5/5,550.542,110.634,96.743,120.688,44.783,122.355,678.154,,,,0.0,217.606,,917.376,13.825,0.0233,0.057,1.11,0.2009546955545626,0.3660087450451555,efetiva,76515136.57799028,460548000.0,0.16613933092313998,0.0,1.11,0.08657000000000001,0.0,0.0,678154000,1.0,0.0,0.08657000000000001,0.07956933092313997,
VEEV,VEEVA SYSTEMS INC,1393052,baixo,2018,690559000,RevenueFromContractWithCustomerExcludingAssessedTax,128781000.0,SellingAndMarketingExpense,132017000.0,ResearchAndDevelopmentExpense,157929000,OperatingIncomeLoss,14594000,IncomeTaxExpenseBenefit,165771000.0,IncomeLossFromContinuingOperationsBeforeIncomeTaxesExtraordinaryItemsNoncontrollingInterest,,,14277000.0,DepreciationAndAmortization,906238000,StockholdersEquity,,,,,,,320183000.0,CashAndCashEquivalentsAtCarryingValue,1230333000.0,Assets,2018-01-31,0,sem dívida divulgada,5/5,690.559,128.781,132.017,157.929,14.594,165.771,906.238,,,,0.0,320.183,,1230.333,14.277,0.0291,0.053,1.15,0.18648804808857752,0.0880371114368617,efetiva,144025387.02788788,586055000.0,0.24575404531637454,0.0,1.15,0.09004999999999999,0.0,0.0,906238000,1.0,0.0,0.09004999999999999,0.15570404531637455,
VEEV,VEEVA SYSTEMS INC,1393052,baixo,2019,862210000,RevenueFromContractWithCustomerExcludingAssessedTax,148867000.0,SellingAndMarketingExpense,158783000.0,ResearchAndDevelopmentExpense,222866000,OperatingIncomeLoss,8811000,IncomeTaxExpenseBenefit,238643000.0,IncomeLossFromContinuingOperationsBeforeIncomeTaxesExtraordinaryItemsNoncontrollingInterest,,,14071000.0,DepreciationAndAmortization,1237749000,StockholdersEquity,,,,,,,550971000.0,CashAndCashEquivalentsAtCarryingValue,1653766000.0,Assets,2019-01-31,0,sem dívida divulgada,5/5,862.21,148.867,158.783,222.866,8.811,238.643,1237.749,,,,0.0,550.971,,1653.766,14.071,0.0241,0.056,1.17,0.17265747323737837,0.03692125895165582,efetiva,214637506.70248026,686778000.0,0.31252822120464,0.0,1.17,0.08961999999999999,0.0,0.0,1237749000,1.0,0.0,0.08961999999999999,0.22290822120464004,
VEEV,VEEVA SYSTEMS INC,1393052,baixo,2020,1104081000,RevenueFromContractWithCustomerExcludingAssessedTax,190331000.0,SellingAndMarketingExpense,209895000.0,ResearchAndDevelopmentExpense,286219000,OperatingIncomeLoss,12579000,IncomeTaxExpenseBenefit,313697000.0,IncomeLossFromContinuingOperationsBeforeIncomeTaxesExtraordinaryItemsNoncontrollingInterest,,,19859000.0,DepreciationAndAmortization,1665594000,StockholdersEquity,,,,,,,476733000.0,CashAndCashEquivalentsAtCarryingValue,2271777000.0,Assets,2020-01-31,0,sem dívida divulgada,5/5,1104.081,190.331,209.895,286.219,12.579,313.697,1665.594,,,,0.0,476.733,,2271.777,19.859,0.0093,0.072,1.21,0.17238862003784142,0.040099204008964065,efetiva,274741845.92775834,1188861000.0,0.231096693328958,0.0,1.21,0.09641999999999999,0.0,0.0,1665594000,1.0,0.0,0.09641999999999999,0.13467669332895799,
VEEV,VEEVA SYSTEMS INC,1393052,baixo,2021,1465069000,RevenueFromContractWithCustomerExcludingAssessedTax,235014000.0,SellingAndMarketingExpense,294220000.0,ResearchAndDevelopmentExpense,377794000,OperatingIncomeLoss,13995000,IncomeTaxExpenseBenefit,393993000.0,IncomeLossFromContinuingOperationsBeforeIncomeTaxesExtraordinaryItemsNoncontrollingInterest,,,,,2266320000,StockholdersEquity,,,,,,,730504000.0,CashAndCashEquivalentsAtCarryingValue,3046067000.0,Assets,2021-01-31,0,sem dívida divulgada,5/5,1465.069,235.014,294.22,377.794,13.995,393.993,2266.32,,,,0.0,730.504,,3046.067,,0.0148,0.048,1.18,0.16041155740787635,0.03552093565114101,efetiva,364374403.63661283,1535816000.0,0.23725133976766283,0.0,1.18,0.07144,0.0,0.0,2266320000,1.0,0.0,0.07144,0.16581133976766282,
VEEV,VEEVA SYSTEMS INC,1393052,baixo,2022,1850777000,RevenueFromContractWithCustomerExcludingAssessedTax,288061000.0,SellingAndMarketingExpense,382035000.0,ResearchAndDevelopmentExpense,505496000,OperatingIncomeLoss,84921000,IncomeTaxExpenseBenefit,512311000.0,IncomeLossFromContinuingOperationsBeforeIncomeTaxesExtraordinaryItemsNoncontrollingInterest,,,,,2911637000,StockholdersEquity,,,,,,,1138040000.0,CashAndCashEquivalentsAtCarryingValue,3816465000.0,Assets,2022-01-31,0,sem dívida divulgada,5/5,1850.777,288.061,382.035,505.496,84.921,512.311,2911.637,,,,0.0,1138.04,,3816.465,,0.0296,0.05,1.09,0.15564327847169054,0.16576064148534778,efetiva,421704658.7717227,1773597000.0,0.23776802665527888,0.0,1.09,0.08410000000000001,0.0,0.0,2911637000,1.0,0.0,0.08410000000000001,0.15366802665527887,
VEEV,VEEVA SYSTEMS INC,1393052,baixo,2023,2155060000,RevenueFromContractWithCustomerExcludingAssessedTax,348691000.0,SellingAndMarketingExpense,520278000.0,ResearchAndDevelopmentExpense,459091000,OperatingIncomeLoss,21390000,IncomeTaxExpenseBenefit,509096000.0,IncomeLossFromContinuingOperationsBeforeIncomeTaxesExtraordinaryItemsNoncontrollingInterest,,,,,3716252000,StockholdersEquity,,,,,,,886465000.0,CashAndCashEquivalentsAtCarryingValue,4804296000.0,Assets,2023-01-31,0,sem dívida divulgada,5/5,2155.06,348.691,520.278,459.091,21.39,509.096,3716.252,,,,0.0,886.465,,4804.296,,0.0396,0.045,1.07,0.16180106354347443,0.04201565127205871,efetiva,439801992.6418593,2829787000.0,0.15541876213363737,0.0,1.07,0.08775,0.0,0.0,3716252000,1.0,0.0,0.08775,0.06766876213363737,
VEEV,VEEVA SYSTEMS INC,1393052,baixo,2024,2363673000,RevenueFromContractWithCustomerExcludingAssessedTax,381472000.0,SellingAndMarketingExpense,629031000.0,ResearchAndDevelopmentExpense,429334000,OperatingIncomeLoss,62318000,IncomeTaxExpenseBenefit,588023000.0,IncomeLossFromContinuingOperationsBeforeIncomeTaxesExtraordinaryItemsNoncontrollingInterest,,,,,4644824000,StockholdersEquity,,,,,,,703487000.0,CashAndCashEquivalentsAtCarryingValue,5910920000.0,Assets,2024-01-31,0,sem dívida divulgada,5/5,2363.673,381.472,629.031,429.334,62.318,588.023,4644.824,,,,0.0,703.487,,5910.92,,0.0423,0.046,1.05,0.16138949846277384,0.1059788477661588,efetiva,383833677.37316394,3941337000.0,0.09738666786756979,0.0,1.05,0.0906,0.0,0.0,4644824000,1.0,0.0,0.0906,0.00678666786756979,
WDAY,"Workday, Inc.",1327811,medio,2015,787860000,Revenues,315840000.0,SellingAndMarketingExpense,316868000.0,ResearchAndDevelopmentExpense,-215702000,OperatingIncomeLoss,2010000,IncomeTaxExpenseBenefit,-245972000.0,IncomeLossFromContinuingOperationsBeforeIncomeTaxesMinorityInterestAndIncomeLossFromEquityMethodInvestments,31060000.0,InterestExpense,59205000.0,DepreciationAndAmortization,1201228000,StockholdersEquity,481958000.0,ConvertibleDebt,,,,,298192000.0,CashAndCashEquivalentsAtCarryingValue,2350090000.0,Assets,2015-01-31,481958000,conceito de dívida total,5/5,787.86,315.84,316.868,-215.702,2.01,-245.972,1201.228,481.958,,,481.958,298.192,31.06,2350.09,59.205,0.0221,0.058,1.04,0.4008834056812124,0.35,estatutaria,-140206300.0,1384994000.0,-0.1012324241115846,0.4012210837576214,1.311225452620152,0.09815107625196884,0.06444544960349242,0.04188954224227008,1683186000,0.7136632552789769,0.2863367447210231,0.08204133175062056,-0.18327375586220518,
WDAY,"Workday, Inc.",1327811,medio,2016,1156690000,Revenues,413530000.0,SellingAndMarketingExpense,469944000.0,ResearchAndDevelopmentExpense,-249789000,OperatingIncomeLoss,1017000,IncomeTaxExpenseBenefit,-274031000.0,IncomeLossFromContinuingOperationsBeforeIncomeTaxesMinorityInterestAndIncomeLossFromEquityMethodInvestments,31932000.0,InterestExpense,85939000.0,DepreciationAndAmortization,1226280000,StockholdersEquity,507476000.0,ConvertibleDebt,,,,,300087000.0,CashAndCashEquivalentsAtCarryingValue,2730094000.0,Assets,2016-01-31,507476000,conceito de dívida total,5/5,1156.69,413.53,469.944,-249.789,1.017,-274.031,1226.28,507.476,,,507.476,300.087,31.932,2730.094,85.939,0.0184,0.062,1.1,0.35751151994051994,0.35,estatutaria,-162362850.0,1433669000.0,-0.11324988543380655,0.41383370845157713,1.3958911015428779,0.10494524829565843,0.0629231727214686,0.040900062268954596,1733756000,0.7072967591748781,0.2927032408251219,0.08619901478639441,-0.19944890022020095,
WDAY,"Workday, Inc.",1327811,medio,2017,1574440000,RevenueFromContractWithCustomerExcludingAssessedTax,565328000.0,SellingAndMarketingExpense,680531000.0,ResearchAndDevelopmentExpense,-353086000,OperatingIncomeLoss,-814000,IncomeTaxExpenseBenefit,-385513000.0,IncomeLossFromContinuingOperationsBeforeIncomeTaxesMinorityInterestAndIncomeLossFromEquityMethodInvestments,30103000.0,InterestExpense,105825000.0,DepreciationAndAmortization,1276608000,StockholdersEquity,,,,,0.0,ConvertibleNotesPayableCurrent,539923000.0,CashAndCashEquivalentsAtCarryingValue,3268282000.0,Assets,2017-01-31,534423000,ajuste manual (balanço do 10-K),5/5,1574.44,565.328,680.531,-353.086,-0.814,-385.513,1276.608,,,0.0,534.423,539.923,30.103,3268.282,105.825,0.0233,0.057,1.11,0.3590660806381952,0.35,estatutaria,-229505900.0,1271108000.0,-0.18055578282883908,0.4186273311776207,1.4120396194446534,0.10378625830834524,0.056328039773737286,0.03661322585292924,1811031000,0.7049067630537522,0.29509323694624773,0.08396395072558117,-0.26451973355442027,
WDAY,"Workday, Inc.",1327811,medio,2018,2143050000,RevenueFromContractWithCustomerExcludingAssessedTax,683367000.0,SellingAndMarketingExpense,910584000.0,ResearchAndDevelopmentExpense,-303223000,OperatingIncomeLoss,6436000,IncomeTaxExpenseBenefit,-314786000.0,IncomeLossFromContinuingOperationsBeforeIncomeTaxesMinorityInterestAndIncomeLossFromEquityMethodInvestments,44549000.0,InterestExpense,135723000.0,DepreciationAndAmortization,1580365000,StockholdersEquity,,,1149845000.0,ConvertibleDebtNoncurrent,341509000.0,ConvertibleDebtCurrent,1134355000.0,CashAndCashEquivalentsAtCarryingValue,4947424000.0,Assets,2018-01-31,1491354000,soma longo + curto prazo,5/5,2143.05,683.367,910.584,-303.223,6.436,-314.786,1580.365,,1149.845,341.509,1491.354,1134.355,44.549,4947.424,135.723,0.0291,0.053,1.15,0.3188759011688948,0.21,estatutaria,-239546170.0,1937364000.0,-0.12364541201343682,0.9436769353915077,2.007330495803185,0.1354885162775688,0.02987151273272476,0.02359849505885256,3071719000,0.5144887927574104,0.48551120724258956,0.08116465699727092,-0.20481006901070775,
WDAY,"Workday, Inc.",1327811,medio,2019,2822180000,RevenueFromContractWithCustomerExcludingAssessedTax,891345000.0,SellingAndMarketingExpense,1211832000.0,ResearchAndDevelopmentExpense,-463284000,OperatingIncomeLoss,-5494000,IncomeTaxExpenseBenefit,-423752000.0,IncomeLossFromContinuingOperationsBeforeIncomeTaxesMinorityInterestAndIncomeLossFromEquityMethodInvestments,60209000.0,InterestExpense,198111000.0,DepreciationAndAmortization,1958442000,StockholdersEquity,,,972264000.0,ConvertibleDebtNoncurrent,232514000.0,ConvertibleDebtCurrent,638554000.0,CashAndCashEquivalentsAtCarryingValue,5520746000.0,Assets,2019-01-31,1204778000,soma longo + curto prazo,5/5,2822.18,891.345,1211.832,-463.284,-5.494,-423.752,1958.442,,972.264,232.514,1204.778,638.554,60.209,5520.746,198.111,0.0241,0.056,1.17,0.31583563061179654,0.21,estatutaria,-365994360.0,2524666000.0,-0.14496743727685166,0.6151716517517496,1.738603157714142,0.12146177683199195,0.04997518214974045,0.039480393898294955,3163220000,0.6191292417220428,0.38087075827795724,0.09023746534935918,-0.23520490262621085,
WDAY,"Workday, Inc.",1327811,medio,2020,3627206000,RevenueFromContractWithCustomerExcludingAssessedTax,1146548000.0,SellingAndMarketingExpense,1549906000.0,ResearchAndDevelopmentExpense,-502230000,OperatingIncomeLoss,-1773000,IncomeTaxExpenseBenefit,-482447000.0,IncomeLossFromContinuingOperationsBeforeIncomeTaxesExtraordinaryItemsNoncontrollingInterest,58685000.0,InterestExpense,,,2486551000,StockholdersEquity,1262286000.0,LongTermDebt,1017967000.0,LongTermDebtNoncurrent,244319000.0,LongTermDebtCurrent,731141000.0,CashAndCashEquivalentsAtCarryingValue,6816365000.0,Assets,2020-01-31,1262286000,conceito de dívida total,5/5,3627.206,1146.548,1549.906,-502.23,-1.773,-482.447,2486.551,1262.286,1017.967,244.319,1262.286,731.141,58.685,6816.365,,0.0093,0.072,1.21,0.3160967422307969,0.21,estatutaria,-396761700.0,3017696000.0,-0.131478353021643,0.507645328810871,1.6952581698103115,0.13135858822634242,0.04649104877975356,0.036727928536005316,3748837000,0.6632859737566611,0.33671402624333896,0.09949511779594578,-0.2309734708175888,
WDAY,"Workday, Inc.",1327811,medio,2021,4317996000,RevenueFromContractWithCustomerExcludingAssessedTax,1233173000.0,SellingAndMarketingExpense,1721222000.0,ResearchAndDevelopmentExpense,-248599000,OperatingIncomeLoss,7297000,IncomeTaxExpenseBenefit,-275134000.0,IncomeLossFromContinuingOperationsBeforeIncomeTaxesExtraordinaryItemsNoncontrollingInterest,68806000.0,InterestExpense,,,3277834000,StockholdersEquity,1795014000.0,LongTermDebt,691913000.0,LongTermDebtNoncurrent,1103101000.0,LongTermDebtCurrent,1384181000.0,CashAndCashEquivalentsAtCarryingValue,8718411000.0,Assets,2021-01-31,1795014000,conceito de dívida total,5/5,4317.996,1233.173,1721.222,-248.599,7.297,-275.134,3277.834,1795.014,691.913,1103.101,1795.014,1384.181,68.806,8718.411,,0.0148,0.048,1.18,0.28558919461713256,0.21,estatutaria,-196393210.0,3688667000.0,-0.05324232575073868,0.5476219967210054,1.6904932253433214,0.09594367481647942,0.03833173446000978,0.030282070223407728,5072848000,0.6461526148624993,0.3538473851375007,0.0727094877272885,-0.12595181347802717,
WDAY,"Workday, Inc.",1327811,medio,2022,5139000000,RevenueFromContractWithCustomerExcludingAssessedTax,1462000000.0,SellingAndMarketingExpense,1879000000.0,ResearchAndDevelopmentExpense,-116000000,OperatingIncomeLoss,-13000000,IncomeTaxExpenseBenefit,16000000.0,IncomeLossFromContinuingOperationsBeforeIncomeTaxesExtraordinaryItemsNoncontrollingInterest,17000000.0,InterestExpense,,,4535000000,StockholdersEquity,1839797000.0,LongTermDebt,617354000.0,LongTermDebtNoncurrent,1222443000.0,LongTermDebtCurrent,1534000000.0,CashAndCashEquivalentsAtCarryingValue,10498505000.0,Assets,2022-01-31,1839797000,conceito de dívida total,5/5,5139.0,1462.0,1879.0,-116.0,-13.0,16.0,4535.0,1839.797,617.354,1222.443,1839.797,1534.0,17.0,10498.505,,0.0296,0.05,1.09,0.2844911461373808,0.0,efetiva_limitada,-116000000.0,4840797000.0,-0.023962996176042913,0.40568842337375965,1.5322003814773981,0.10621001907386991,0.009240149864360035,0.009240149864360035,6374797000,0.71139520207467,0.28860479792533,0.07822404956581364,-0.10218704574185655,
WDAY,"Workday, Inc.",1327811,medio,2023,6216000000,RevenueFromContractWithCustomerExcludingAssessedTax,1842000000.0,SellingAndMarketingExpense,2247000000.0,ResearchAndDevelopmentExpense,-222000000,OperatingIncomeLoss,107000000,IncomeTaxExpenseBenefit,-260000000.0,IncomeLossFromContinuingOperationsBeforeIncomeTaxesExtraordinaryItemsNoncontrollingInterest,102000000.0,InterestExpense,,,5585000000,StockholdersEquity,2976000000.0,LongTermDebt,2976000000.0,LongTermDebtNoncurrent,0.0,LongTermDebtCurrent,1886000000.0,CashAndCashEquivalentsAtCarryingValue,13486000000.0,Assets,2023-01-31,2976000000,conceito de dívida total,5/5,6216.0,1842.0,2247.0,-222.0,107.0,-260.0,5585.0,2976.0,2976.0,0.0,2976.0,1886.0,102.0,13486.0,,0.0396,0.045,1.07,0.29633204633204635,0.21,estatutaria,-175380000.0,6675000000.0,-0.026274157303370786,0.5328558639212175,1.5204230617726053,0.10801903777976724,0.034274193548387094,0.027076612903225807,8561000000,0.6523770587548183,0.3476229412451816,0.07988159397266674,-0.10615575127603752,
WDAY,"Workday, Inc.",1327811,medio,2024,7259000000,RevenueFromContractWithCustomerExcludingAssessedTax,2139000000.0,SellingAndMarketingExpense,2464000000.0,ResearchAndDevelopmentExpense,183000000,OperatingIncomeLoss,-1025000000,IncomeTaxExpenseBenefit,356000000.0,IncomeLossFromContinuingOperationsBeforeIncomeTaxesExtraordinaryItemsNoncontrollingInterest,114000000.0,InterestExpense,,,8082000000,StockholdersEquity,2980000000.0,LongTermDebt,2980000000.0,LongTermDebtNoncurrent,,,2012000000.0,CashAndCashEquivalentsAtCarryingValue,16452000000.0,Assets,2024-01-31,2980000000,conceito de dívida total,5/5,7259.0,2139.0,2464.0,183.0,-1025.0,356.0,8082.0,2980.0,2980.0,,2980.0,2012.0,114.0,16452.0,,0.0423,0.046,1.05,0.29466868714698996,0.0,efetiva_limitada,183000000.0,9050000000.0,0.020220994475138122,0.36872061370947784,1.4371566443949517,0.10840920564216777,0.03825503355704698,0.03825503355704698,11062000000,0.7306092930753932,0.26939070692460676,0.08951032363044657,-0.06928932915530844,
ZS,"Zscaler, Inc.",1713683,alto,2016,80325000,RevenueFromContractWithCustomerExcludingAssessedTax,56702000.0,SellingAndMarketingExpense,20940000.0,ResearchAndDevelopmentExpense,-26843000,OperatingIncomeLoss,468000,IncomeTaxExpenseBenefit,-26970000.0,IncomeLossFromContinuingOperationsBeforeIncomeTaxesExtraordinaryItemsNoncontrollingInterest,,,,,-124740000,StockholdersEquity,,,,,,,92842000.0,CashAndCashEquivalentsAtCarryingValue,,,2016-07-31,0,sem dívida divulgada,5/5,80.325,56.702,20.94,-26.843,0.468,-26.97,-124.74,,,,0.0,92.842,,,,0.0184,0.062,1.1,0.7059072517896048,0.35,estatutaria,-17447950.0,-217582000.0,,0.0,1.1,0.08660000000000001,0.0,0.0,-124740000,1.0,0.0,0.08660000000000001,,capital investido <= 0
ZS,"Zscaler, Inc.",1713683,alto,2017,125717000,RevenueFromContractWithCustomerExcludingAssessedTax,79236000.0,SellingAndMarketingExpense,33561000.0,ResearchAndDevelopmentExpense,-35073000,OperatingIncomeLoss,877000,IncomeTaxExpenseBenefit,-34583000.0,IncomeLossFromContinuingOperationsBeforeIncomeTaxesExtraordinaryItemsNoncontrollingInterest,,,,,-151142000,StockholdersEquity,,,,,,,87978000.0,CashAndCashEquivalentsAtCarryingValue,182902000.0,Assets,2017-07-31,0,sem dívida divulgada,5/5,125.717,79.236,33.561,-35.073,0.877,-34.583,-151.142,,,,0.0,87.978,,182.902,,0.0233,0.057,1.11,0.6302727554745977,0.35,estatutaria,-22797450.0,-239120000.0,,0.0,1.11,0.08657000000000001,0.0,0.0,-151142000,1.0,0.0,0.08657000000000001,,capital investido <= 0
ZS,"Zscaler, Inc.",1713683,alto,2018,190174000,RevenueFromContractWithCustomerExcludingAssessedTax,116409000.0,SellingAndMarketingExpense,39379000.0,ResearchAndDevelopmentExpense,-34624000,OperatingIncomeLoss,1337000,IncomeTaxExpenseBenefit,-32309000.0,IncomeLossFromContinuingOperationsBeforeIncomeTaxesExtraordinaryItemsNoncontrollingInterest,0.0,InterestExpense,,,240236000,StockholdersEquity,,,,,,,135579000.0,CashAndCashEquivalentsAtCarryingValue,447781000.0,Assets,2018-07-31,0,sem dívida divulgada,5/5,190.174,116.409,39.379,-34.624,1.337,-32.309,240.236,,,,0.0,135.579,0.0,447.781,,0.0291,0.053,1.15,0.6121183758032118,0.21,estatutaria,-27352960.0,104657000.0,-0.2613581509120269,0.0,1.15,0.09004999999999999,0.0,0.0,240236000,1.0,0.0,0.09004999999999999,-0.35140815091202693,
ZS,"Zscaler, Inc.",1713683,alto,2019,302836000,RevenueFromContractWithCustomerExcludingAssessedTax,169913000.0,SellingAndMarketingExpense,61969000.0,ResearchAndDevelopmentExpense,-35313000,OperatingIncomeLoss,743000,IncomeTaxExpenseBenefit,-27912000.0,IncomeLossFromContinuingOperationsBeforeIncomeTaxesExtraordinaryItemsNoncontrollingInterest,0.0,InterestExpense,,,308558000,StockholdersEquity,,,0.0,ConvertibleLongTermNotesPayable,,,78484000.0,CashAndCashEquivalentsAtCarryingValue,604162000.0,Assets,2019-07-31,0,sem dívida divulgada,5/5,302.836,169.913,61.969,-35.313,0.743,-27.912,308.558,,0.0,,0.0,78.484,0.0,604.162,,0.0241,0.056,1.17,0.561072659789457,0.21,estatutaria,-27897270.0,230074000.0,-0.1212534662760677,0.0,1.17,0.08961999999999999,0.0,0.0,308558000,1.0,0.0,0.08961999999999999,-0.21087346627606768,
ZS,"Zscaler, Inc.",1713683,alto,2020,431269000,RevenueFromContractWithCustomerExcludingAssessedTax,277981000.0,SellingAndMarketingExpense,97879000.0,ResearchAndDevelopmentExpense,-113956000,OperatingIncomeLoss,2388000,IncomeTaxExpenseBenefit,-112728000.0,IncomeLossFromContinuingOperationsBeforeIncomeTaxesExtraordinaryItemsNoncontrollingInterest,5025000.0,InterestExpense,,,484829000,StockholdersEquity,861615000.0,LongTermDebt,861615000.0,ConvertibleLongTermNotesPayable,,,141851000.0,CashAndCashEquivalentsAtCarryingValue,1833458000.0,Assets,2020-07-31,861615000,conceito de dívida total,5/5,431.269,277.981,97.879,-113.956,2.388,-112.728,484.829,861.615,861.615,,861.615,141.851,5.025,1833.458,,0.0093,0.072,1.21,0.6445652249524079,0.21,estatutaria,-90025240.0,1204593000.0,-0.0747349851775662,1.7771523568103393,2.9087799378750034,0.21873215552700023,0.005832071168677426,0.004607336223255166,1346444000,0.36008107281104895,0.639918927188951,0.08170963087361968,-0.15644461605118587,
ZS,"Zscaler, Inc.",1713683,alto,2021,673100000,RevenueFromContractWithCustomerExcludingAssessedTax,459407000.0,SellingAndMarketingExpense,174653000.0,ResearchAndDevelopmentExpense,-207812000,OperatingIncomeLoss,4851000,IncomeTaxExpenseBenefit,-257178000.0,IncomeLossFromContinuingOperationsBeforeIncomeTaxesExtraordinaryItemsNoncontrollingInterest,53364000.0,InterestExpense,,,528895000,StockholdersEquity,913538000.0,LongTermDebt,913538000.0,ConvertibleLongTermNotesPayable,,,275898000.0,CashAndCashEquivalentsAtCarryingValue,2257631000.0,Assets,2021-07-31,913538000,conceito de dívida total,5/5,673.1,459.407,174.653,-207.812,4.851,-257.178,528.895,913.538,913.538,,913.538,275.898,53.364,2257.631,,0.0148,0.048,1.18,0.6825241420294161,0.21,estatutaria,-164171480.0,1166535000.0,-0.14073429429892803,1.7272577732820313,2.7901496962535095,0.14872718542016847,0.05841464722868671,0.0461475713106625,1442433000,0.3666686771586618,0.6333313228413382,0.08376030271964105,-0.22449459701856908,
ZS,"Zscaler, Inc.",1713683,alto,2022,1090946000,RevenueFromContractWithCustomerExcludingAssessedTax,735219000.0,SellingAndMarketingExpense,289139000.0,ResearchAndDevelopmentExpense,-327429000,OperatingIncomeLoss,6648000,IncomeTaxExpenseBenefit,-383630000.0,IncomeLossFromContinuingOperationsBeforeIncomeTaxesExtraordinaryItemsNoncontrollingInterest,56579000.0,InterestExpense,,,573300000,StockholdersEquity,968674000.0,LongTermDebt,968674000.0,ConvertibleLongTermNotesPayable,,,1013210000.0,CashAndCashEquivalentsAtCarryingValue,2832665000.0,Assets,2022-07-31,968674000,conceito de dívida total,5/5,1090.946,735.219,289.139,-327.429,6.648,-383.63,573.3,968.674,968.674,,968.674,1013.21,56.579,2832.665,,0.0296,0.05,1.09,0.6739279487710665,0.21,estatutaria,-258668910.0,528764000.0,-0.4891953877344146,1.6896459096459095,2.544954092796093,0.15684770463980469,0.058408711289866355,0.046142881918994426,1541974000,0.371796152204901,0.628203847795099,0.08730250903711737,-0.576497896771532,
ZS,"Zscaler, Inc.",1713683,alto,2023,1616952000,RevenueFromContractWithCustomerExcludingAssessedTax,959102000.0,SellingAndMarketingExpense,350786000.0,ResearchAndDevelopmentExpense,-234623000,OperatingIncomeLoss,19771000,IncomeTaxExpenseBenefit,-182564000.0,IncomeLossFromContinuingOperationsBeforeIncomeTaxesExtraordinaryItemsNoncontrollingInterest,6541000.0,InterestExpense,,,725112000,StockholdersEquity,1134159000.0,LongTermDebt,1134159000.0,ConvertibleLongTermNotesPayable,0.0,ConvertibleNotesPayableCurrent,1262206000.0,CashAndCashEquivalentsAtCarryingValue,3608317000.0,Assets,2023-07-31,1134159000,conceito de dívida total,5/5,1616.952,959.102,350.786,-234.623,19.771,-182.564,725.112,1134.159,1134.159,0.0,1134.159,1262.206,6.541,3608.317,,0.0396,0.045,1.07,0.5931542803991707,0.21,estatutaria,-185352170.0,597065000.0,-0.3104388466917337,1.564115612484692,2.3921469272333105,0.14724661172549897,0.005767268963170067,0.004556142480904353,1859271000,0.38999801535117795,0.610001984648822,0.06020514229582455,-0.37064398898755824,
ZS,"Zscaler, Inc.",1713683,alto,2024,2167771000,RevenueFromContractWithCustomerExcludingAssessedTax,1100239000.0,SellingAndMarketingExpense,499828000.0,ResearchAndDevelopmentExpense,-121477000,OperatingIncomeLoss,28477000,IncomeTaxExpenseBenefit,-29229000.0,IncomeLossFromContinuingOperationsBeforeIncomeTaxesExtraordinaryItemsNoncontrollingInterest,13132000.0,InterestExpenseNonoperating,66308000.0,DepreciationDepletionAndAmortization,1274102000,StockholdersEquity,1142275000.0,LongTermDebt,0.0,ConvertibleLongTermNotesPayable,1142275000.0,ConvertibleNotesPayableCurrent,1423080000.0,CashAndCashEquivalentsAtCarryingValue,4704968000.0,Assets,2024-07-31,1142275000,conceito de dívida total,5/5,2167.771,1100.239,499.828,-121.477,28.477,-29.229,1274.102,1142.275,0.0,1142.275,1142.275,1423.08,13.132,4704.968,66.308,0.0423,0.046,1.05,0.5075439241506599,0.21,estatutaria,-95966830.0,993297000.0,-0.09661443656831743,0.896533401564396,1.7936744565976668,0.12480902500349267,0.011496355956315247,0.009082121205489046,2416377000,0.5272778213002358,0.47272217869976413,0.07010235090592239,-0.16671678747423982,
